Date,Open,High,Low,Close,Adj Close,Volume,Interest_Rate,Oil_Price
5/19/2017,137.75,138.419998,137.660004,137.839996,133.054352,36730100,2.23,50.32
5/22/2017,138.149994,139.070007,138.100006,139,134.174072,19509700,2.25,50.81
5/23/2017,139.410004,139.419998,138.779999,139.139999,134.30925,19687500,2.29,51.12
5/24/2017,139.559998,139.850006,139.169998,139.779999,134.927032,15891900,2.26,50.99
5/25/2017,140.309998,141.330002,140.009995,140.970001,136.075699,23928600,2.25,48.57
5/26/2017,141,141.279999,140.809998,141.220001,136.317001,13851600,2.25,49.58
5/30/2017,141.149994,141.509995,141.059998,141.339996,136.432831,20306400,0,49.63
5/31/2017,141.839996,141.839996,140.570007,141.289993,136.384613,33229400,2.21,48.29
6/1/2017,141.580002,141.899994,140.979996,141.839996,136.915497,20120700,2.21,48.32
6/2/2017,142.339996,143.490005,142.110001,143.460007,138.479248,37222900,2.21,47.68
6/5/2017,143.449997,143.679993,143.229996,143.429993,138.450272,15727500,2.15,47.4
6/6/2017,143.259995,143.729996,142.649994,142.860001,137.90007,22393000,2.18,48.13
6/7/2017,143.259995,143.539993,142.600006,143.419998,138.440643,18842400,2.14,45.8
6/8/2017,143.740005,143.800003,142.789993,143.570007,138.585434,25417400,2.18,45.68
6/9/2017,143.740005,143.899994,138.110001,139.979996,135.120071,109783700,2.19,45.82
6/12/2017,138.800003,139.479996,137.470001,139.229996,134.396057,104454000,2.21,46.1
6/13/2017,140.009995,140.559998,139.279999,140.360001,135.486862,51193000,2.21,46.41
6/14/2017,140.929993,140.929993,138.619995,139.75,134.898026,60093800,2.21,44.79
6/15/2017,138.339996,139.279999,137.490005,139.130005,134.299576,55145200,2.15,44.47
6/16/2017,138.679993,138.779999,137.639999,138.149994,133.716873,48087400,2.16,44.73
6/19/2017,139.490005,140.589996,139.279999,140.460007,135.952744,39626500,2.16,44.24
6/20/2017,140.320007,140.5,139.309998,139.360001,134.888077,40935100,2.19,43.34
6/21/2017,139.679993,140.809998,139.589996,140.740005,136.22377,35743400,2.16,42.48
6/22/2017,140.960007,141.220001,140.339996,140.699997,136.185074,24099100,2.16,42.53
6/23/2017,140.539993,141.419998,140.149994,141.240005,136.707764,21654300,2.15,42.86
6/26/2017,142.050003,142.289993,140.270004,140.580002,136.068909,34411100,2.15,43.24
6/27/2017,140.050003,140.220001,138.020004,138.029999,133.600723,65957800,2.14,44.25
6/28/2017,138.539993,140.139999,137.740005,140.020004,135.526901,57427200,2.21,44.74
6/29/2017,139.440002,139.440002,136.25,137.589996,133.17485,88769400,2.22,44.88
6/30/2017,137.979996,138.669998,137.190002,137.639999,133.223251,68898300,2.27,46.02
7/3/2017,138.270004,138.429993,136.100006,136.190002,131.819778,32797000,2.31,0
7/5/2017,136.619995,137.899994,136.160004,137.529999,133.11676,42116600,2.35,45.11
7/6/2017,136.479996,137.059998,135.800003,136.289993,131.916565,48430500,0,45.52
7/7/2017,136.75,138.130005,136.740005,137.759995,133.339386,36970400,2.33,44.25
7/10/2017,137.850006,138.990005,137.5,138.660004,134.21048,24853500,2.37,44.4
7/11/2017,138.460007,139.220001,137.940002,139.050003,134.588013,31517700,2.39,45.06
7/12/2017,140.240005,140.860001,139.960007,140.699997,136.185074,36045800,2.38,45.48
7/13/2017,140.869995,141.350006,140.600006,141.009995,136.485107,31073600,2.37,46.06
7/14/2017,141.639999,142.300003,141.190002,142.119995,137.559464,34544800,2.33,46.53
7/17/2017,142.270004,142.690002,141.919998,142.190002,137.627258,25343200,2.35,46.02
7/18/2017,142.089996,143.169998,141.639999,143.139999,138.546783,25748500,2.33,46.4
7/19/2017,143.559998,144.190002,143.5,143.979996,139.359818,33752300,2.31,47.1
7/20/2017,144.350006,144.440002,143.520004,144.169998,139.543686,36139400,2.27,46.73
7/21/2017,143.639999,144.110001,143.350006,144.110001,139.485611,39697100,2.27,45.78
7/24/2017,144.089996,144.869995,143.919998,144.770004,140.124481,26712700,2.27,46.21
7/25/2017,144.289993,144.740005,144.009995,144.399994,139.766327,28120900,2.24,47.77
7/26/2017,144.759995,144.949997,144.529999,144.869995,140.221252,18610600,2.26,48.58
7/27/2017,145.820007,145.960007,142.300003,143.960007,139.340454,80665900,2.33,49.05
7/28/2017,143.100006,144.080002,142.869995,143.839996,139.224304,38013200,2.29,49.72
7/31/2017,144.25,144.429993,142.919998,143.229996,138.633865,33848600,2.32,50.21
8/1/2017,143.720001,143.759995,143.119995,143.559998,138.953308,20149400,2.3,49.19
8/2/2017,144.490005,144.520004,142.610001,143.949997,139.330765,41769700,2.3,49.6
8/3/2017,144.089996,144.169998,143.130005,143.389999,138.788712,27112800,2.26,49.03
8/4/2017,143.710007,143.970001,143.059998,143.649994,139.040375,29472900,2.27,49.57
8/7/2017,143.910004,144.559998,143.710007,144.559998,139.921158,17933900,2.24,49.37
8/8/2017,144.279999,145.470001,143.899994,144.309998,139.679199,30810400,2.27,49.07
8/9/2017,143.119995,144.190002,142.789993,144.119995,139.495316,36169500,2.26,49.59
8/10/2017,143.300003,143.399994,140.889999,141.029999,136.504501,63331700,2.29,48.54
8/11/2017,141.220001,142.410004,140.899994,142.100006,137.540131,45862500,2.24,48.81
8/14/2017,143.229996,144.149994,143.190002,143.929993,139.311386,34161000,2.2,47.59
8/15/2017,144.289993,144.300003,143.639999,144.029999,139.408218,25509200,2.19,47.57
8/16/2017,144.389999,144.960007,143.800003,144.279999,139.650177,31913000,2.22,46.8
8/17/2017,143.720001,143.940002,141.330002,141.330002,136.794815,70191000,2.27,47.07
8/18/2017,141.410004,142.199997,140.649994,141.229996,136.698074,60751900,2.23,48.59
8/21/2017,141.220001,141.529999,140.179993,141.050003,136.523804,37111500,2.19,47.39
8/22/2017,141.809998,143.350006,141.759995,143.199997,138.604828,36294200,2.19,47.65
8/23/2017,142.479996,143.009995,142.380005,142.690002,138.111221,25702300,2.18,48.45
8/24/2017,143.009995,143.169998,141.470001,142.270004,137.704681,38160800,2.22,47.24
8/25/2017,142.820007,143.179993,141.779999,141.970001,137.414322,26380400,2.17,47.65
8/28/2017,142.399994,142.740005,141.949997,142.410004,137.840195,15362100,2.19,46.4
8/29/2017,141.190002,143.210007,141.059998,142.970001,138.382202,24498300,2.17,46.46
8/30/2017,143.089996,144.889999,143,144.649994,140.008301,33642700,2.16,45.96
8/31/2017,145.059998,146.210007,144.979996,146.199997,141.508575,38480700,2.13,47.26
9/1/2017,146.389999,146.589996,145.610001,146,141.314957,22293600,2.15,47.32
9/5/2017,145.570007,145.880005,143.600006,144.690002,140.047012,44794300,2.12,48.63
9/6/2017,145.059998,145.460007,144.080002,145.130005,140.472916,30722700,2.16,49.13
9/7/2017,145.399994,145.839996,144.940002,145.470001,140.802017,22721100,0,49.1
9/8/2017,145.279999,145.350006,144.059998,144.210007,139.582413,27890100,2.07,47.44
9/11/2017,145.339996,146.119995,145.300003,145.869995,141.189148,27126300,2.1,48.06
9/12/2017,146.279999,146.410004,145.529999,146.220001,141.527939,30256700,2.05,48.21
9/13/2017,145.970001,146.440002,145.729996,146.419998,141.721512,28450900,2.06,49.3
9/14/2017,145.850006,146.289993,145.470001,145.559998,140.889099,35296400,2.14,49.86
9/15/2017,145.529999,146.589996,145.289993,146.059998,141.373047,46422400,2.17,49.9
9/18/2017,145.910004,146.369995,145.110001,145.550003,141.187775,24858200,2.2,49.88
9/19/2017,145.809998,146.009995,145.309998,145.800003,141.430313,20871200,2.2,49.54
9/20/2017,145.75,145.910004,144.229996,145.350006,140.99379,34236200,2.2,50.29
9/21/2017,145.25,145.259995,143.949997,144.460007,140.130463,28841800,2.23,50.58
9/22/2017,144,144.529999,143.850006,144.320007,139.99469,21702400,2.24,50.33
9/25/2017,143.75,143.830002,142.100006,142.800003,138.520218,54947700,2.28,51.85
9/26/2017,143.529999,143.800003,142.669998,143.169998,138.87915,29628800,2.27,51.59
9/27/2017,143.929993,145,143.570007,144.460007,140.130463,33249400,2.26,52.14
9/28/2017,144.110001,144.559998,143.779999,144.410004,140.081955,24149400,2.22,51.62
9/29/2017,144.699997,145.559998,144.320007,145.449997,141.090775,43102400,2.24,51.67
10/2/2017,145.669998,146.169998,144.929993,145.580002,141.216904,27351300,2.31,50.59
10/3/2017,145.770004,146.059998,145.449997,145.889999,141.517593,19715200,2.31,50.44
10/4/2017,145.610001,146.339996,145.470001,146.029999,141.653412,26381100,2.33,50
10/5/2017,146.559998,147.539993,146.410004,147.460007,143.040527,31562400,2.34,50.79
10/6/2017,146.960007,147.660004,146.960007,147.660004,143.234543,23561100,2.33,49.34
10/9/2017,147.850006,148.009995,147.300003,147.490005,143.069626,13704800,2.33,49.58
10/10/2017,147.990005,148.139999,146.949997,147.600006,143.176331,19223100,2.35,50.93
10/11/2017,147.529999,148.070007,147.339996,148.039993,143.603149,12439100,2.37,51.3
10/12/2017,147.820007,148.350006,147.619995,147.770004,143.341232,14513500,0,50.61
10/13/2017,148.369995,148.509995,147.779999,148.339996,143.89415,18409900,2.35,51.43
10/16/2017,148.710007,148.889999,148.389999,148.850006,144.388885,21809400,2.35,51.86
10/17/2017,148.800003,149.059998,148.570007,149.039993,144.573166,13138200,2.33,51.87
10/18/2017,149.190002,149.210007,148.639999,148.860001,144.39859,17218200,2.28,52.05
10/19/2017,147.990005,148.330002,147.270004,148.309998,143.865067,27680300,2.3,51.29
10/20/2017,148.910004,149.039993,148.529999,148.710007,144.253098,30173300,2.3,51.63
10/23/2017,149.020004,149.029999,147.529999,147.740005,143.31218,29297100,2.34,51.91
10/24/2017,148.029999,148.300003,147.440002,147.990005,143.554657,20289500,2.33,52.32
10/25/2017,147.699997,148.179993,146.330002,147.429993,143.011459,36179100,2.39,51.97
10/26/2017,147.339996,147.710007,146.919998,146.960007,142.555496,28230200,2.38,52.41
10/27/2017,149.429993,151.520004,149.199997,151.240005,146.707291,60165100,2.42,53.92
10/30/2017,151.130005,152.190002,150.990005,151.580002,147.037064,31733400,2.44,54.11
10/31/2017,152.070007,152.369995,151.630005,152.149994,147.589951,26319300,2.46,54.36
11/1/2017,152.759995,152.830002,151.5,152.100006,147.541489,29481600,2.42,54.32
11/2/2017,151.929993,151.990005,150.770004,151.809998,147.260193,31017400,2.37,54.55
11/3/2017,152.360001,153.289993,151.839996,153.270004,148.676392,26199200,2.38,55.63
11/6/2017,153.149994,153.850006,153.100006,153.789993,149.180817,28693900,2.37,57.34
11/7/2017,153.669998,154.080002,153.339996,153.880005,149.268143,21333100,2.35,57.19
11/8/2017,153.800003,154.539993,153.619995,154.5,149.869568,17373500,2.34,56.82
11/9/2017,153.229996,153.770004,152.110001,153.690002,149.083817,40594500,2.32,57.16
11/10/2017,153.330002,153.800003,153.059998,153.679993,149.074081,20150800,2.32,56.75
11/13/2017,153.100006,154.070007,153.100006,153.869995,149.258423,12522400,2.32,56.77
11/14/2017,153.330002,153.5,152.570007,153.309998,148.71521,25173800,2.33,55.67
11/15/2017,152.649994,153,151.779999,152.589996,148.0168,24808000,2.4,55.28
11/16/2017,153.360001,154.889999,153.330002,154.539993,149.908325,34790600,2.4,55.14
11/17/2017,154.580002,154.690002,153.800003,153.949997,149.335983,28725800,2.38,56.21
11/20/2017,154.059998,154.199997,153.610001,153.830002,149.219604,21143900,2.33,56.21
11/21/2017,154.559998,155.570007,154.490005,155.5,150.839554,20147800,2.37,56.84
11/22/2017,155.639999,155.839996,155.339996,155.690002,151.023895,17299000,2.35,57.88
11/24/2017,155.850006,156.309998,155.759995,156.259995,151.576797,8280600,2.37,58.94
11/27/2017,156.210007,156.559998,155.830002,156.190002,151.508911,22653400,2.36,58.1
11/28/2017,156.539993,156.690002,155.699997,156.589996,151.896896,25227300,2.32,57.96
11/29/2017,156.410004,156.449997,153.119995,153.860001,149.248734,71986300,0,57.25
11/30/2017,154.509995,155.449997,154.149994,155.149994,150.500076,56595500,2.34,57.4
12/1/2017,154.199997,155.240005,152.259995,154.490005,149.859818,59015800,2.32,58.35
12/4/2017,155.460007,155.630005,152.559998,152.710007,148.133224,51319100,2.34,57.48
12/5/2017,152.679993,154.550003,152.100006,152.809998,148.230164,40604200,2.37,57.66
12/6/2017,152.240005,153.740005,152.059998,153.5,148.899536,28647800,2.42,55.79
12/7/2017,153.490005,154.460007,153.330002,154.020004,149.403931,32666200,2.37,56.5
12/8/2017,155.149994,155.529999,154.460007,154.699997,150.063568,28081700,2.37,57.15
12/11/2017,154.770004,155.949997,154.759995,155.899994,151.2276,20821500,2.36,57.84
12/12/2017,155.830002,156.149994,155.360001,155.690002,151.023895,20310300,2.33,57.12
12/13/2017,156.320007,156.490005,155.759995,155.990005,151.314896,24418500,2.37,56.59
12/14/2017,156.259995,156.660004,155.710007,155.880005,151.208237,24594700,2.38,57
12/15/2017,156.490005,157.820007,156.229996,157.649994,152.925156,49816200,2.39,57.29
12/18/2017,158.360001,158.770004,158.070007,158.639999,154.207275,26844500,2.4,57.17
12/19/2017,158.339996,158.5,157.259995,157.699997,153.293518,31415000,2.36,57.49
12/20/2017,158.25,158.279999,156.910004,157.529999,153.128265,38972600,2.35,58.09
12/21/2017,157.75,158.25,157.369995,157.550003,153.14772,18638700,2.35,58.34
12/22/2017,157.309998,157.429993,156.949997,157.369995,152.972763,23330400,2.39,58.25
12/26/2017,156.490005,156.720001,155.949997,156.520004,152.146545,21918700,2.46,59.55
12/27/2017,156.529999,156.960007,156.389999,156.539993,152.16597,22388200,2.49,59.67
12/28/2017,157.039993,157.070007,156.539993,156.729996,152.350616,25393800,2.48,59.84
12/29/2017,156.869995,156.899994,155.699997,155.759995,151.407745,33186000,2.48,60.46
1/2/2018,156.559998,158.529999,156.169998,158.490005,154.061493,32573300,0,60.37
1/3/2018,158.639999,160.169998,158.610001,160.029999,155.558411,29383600,2.47,61.61
1/4/2018,160.580002,160.789993,160.080002,160.309998,155.830597,24776100,2.42,61.98
1/5/2018,161.070007,162.029999,160.770004,161.919998,157.395615,26992300,2.43,61.49
1/8/2018,161.919998,162.630005,161.860001,162.550003,158.008011,23159100,2.4,61.73
1/9/2018,162.869995,163.039993,162.070007,162.559998,158.017761,24782400,0,62.92
1/10/2018,161.839996,162.210007,161.119995,162.179993,157.648361,34004000,2.46,63.6
1/11/2018,162.460007,163.300003,162.210007,163.289993,158.727356,20473500,2.44,63.81
1/12/2018,163.149994,164.660004,162.940002,164.490005,159.893845,37762700,2.46,64.22
1/16/2018,165.580002,166.419998,163.529999,164.020004,159.436981,41231800,2.47,63.82
1/17/2018,164.800003,166.039993,164,165.789993,161.157516,33849900,2.49,63.92
1/18/2018,165.529999,166.199997,165.139999,165.820007,161.186646,26432200,2.55,63.96
1/19/2018,166.309998,166.610001,165.539993,166.339996,161.692139,38937600,2.55,63.38
1/22/2018,166.279999,168.119995,166.089996,168.119995,163.422394,26081400,2.54,63.66
1/23/2018,168.639999,169.660004,168.559998,169.509995,164.77356,37989700,2.55,64.45
1/24/2018,169.869995,170.240005,167.440002,168.410004,163.704285,54287400,0,65.69
1/25/2018,169.570007,169.630005,167.809998,168.350006,163.645981,28925000,2.54,65.62
1/26/2018,169.289993,170.949997,168.960007,170.929993,166.153854,32038200,2.57,66.27
1/29/2018,170.570007,170.910004,169.740005,170.100006,165.347092,37277800,2.62,65.71
1/30/2018,168.550003,169.419998,167.820007,168.699997,163.98616,44987700,2.64,64.64
1/31/2018,169.649994,169.990005,168.339996,169.399994,164.666611,42449200,2.66,64.82
2/1/2018,168.100006,169.729996,167.419998,167.960007,163.266876,38037900,2.63,65.92
2/2/2018,167.300003,167.699997,164.470001,164.610001,160.010483,68478100,2.65,65.5
2/5/2018,163.070007,165.75,158,158.119995,153.701828,105372200,2.63,64.18
2/6/2018,155.809998,162.509995,155.100006,162.309998,157.774719,118537900,2.66,63.48
2/7/2018,161.789993,163.550003,160.199997,160.210007,155.733429,91028300,2.7,61.91
2/8/2018,160.619995,160.800003,153.449997,153.449997,149.162292,94184800,2.73,61.3
2/9/2018,155.619995,157.240005,150.130005,156.100006,151.738251,113836600,2.72,59.2
2/12/2018,157.699997,159.949997,156.460007,158.869995,154.430847,63050600,2.78,59.41
2/13/2018,157.960007,160.009995,157.720001,159.690002,155.227951,31785600,2.84,59.33
2/14/2018,158.75,162.929993,158,162.679993,158.134415,52107400,2.77,60.7
2/15/2018,164.139999,165.699997,162.440002,165.699997,161.069992,51633900,2.79,61.48
2/16/2018,165.160004,166.759995,164.679993,164.960007,160.350708,62256300,2.84,61.89
2/20/2018,164.380005,166.679993,164.309998,165.289993,160.671463,36785600,2.85,61.91
2/21/2018,166.100006,167.720001,164.720001,164.820007,160.21463,41161800,2.83,61.73
2/22/2018,165.539993,166.419998,164.380005,164.800003,160.195175,37074400,2.86,62.72
2/23/2018,166.130005,168.169998,165.449997,168.169998,163.470993,50096900,2.83,63.52
2/26/2018,168.960007,170.399994,168.820007,170.399994,165.638672,39266700,2.91,63.81
2/27/2018,170.449997,170.729996,168.210007,168.289993,163.587631,42209900,2.9,62.94
2/28/2018,169.25,169.800003,167.100006,167.210007,162.537842,42936300,2.87,61.43
3/1/2018,167.300003,168.070007,163,164.479996,159.884094,76809900,0,60.98
3/2/2018,162.5,166.279999,161.960007,165.990005,161.351929,57445100,2.88,61.19
3/5/2018,165.210007,168.259995,164.589996,167.830002,163.140472,38540200,2.94,62.49
3/6/2018,168.649994,169.110001,167.479996,168.539993,163.830673,29480900,2.92,62.54
3/7/2018,167.25,169.070007,166.960007,168.929993,164.209717,34609400,2.88,61.09
3/8/2018,169.630005,169.979996,168.949997,169.860001,165.11377,25828400,2.86,60.13
3/9/2018,171.070007,173.160004,170.820007,173.160004,168.321564,38310500,2.9,62.02
3/12/2018,173.669998,174.479996,173.279999,174.080002,169.215851,37635000,2.87,61.35
3/13/2018,174.479996,175.210007,171.270004,171.710007,166.912079,55638900,2.81,60.69
3/14/2018,172.610001,172.740005,170.929993,171.679993,166.882919,40536400,2.86,60.89
3/15/2018,171.800003,172.529999,170.899994,171.529999,166.737106,28810400,2.88,61.16
3/16/2018,171.820007,172.199997,170.940002,171.020004,166.241348,31176700,2.88,62.29
3/19/2018,169.100006,169.220001,165.639999,167.100006,162.694412,71395100,2.89,62.01
3/20/2018,167.169998,168.039993,166.610001,167.649994,163.229904,34075700,2.86,63.37
3/21/2018,167.210007,168.759995,166.190002,166.919998,162.519135,43863500,2.9,65.1
3/22/2018,164.610001,165.770004,162.589996,162.800003,158.507782,66607300,2.87,64.25
3/23/2018,162.610001,163.300003,158.429993,158.509995,154.330887,80110400,2.84,65.8
3/26/2018,161.720001,164.600006,159.160004,164.399994,160.065613,57481500,2.81,65.49
3/27/2018,165.619995,165.619995,157.679993,159.080002,154.88588,78889100,2.82,65.21
3/28/2018,158.169998,159.779999,156.039993,157.25,153.104095,89369700,2.85,64.3
3/29/2018,158.100006,161.710007,156.630005,160.130005,155.908173,68692600,2.85,64.87
4/2/2018,158.990005,159.740005,153.880005,155.509995,151.409958,85549400,2.89,63.05
4/3/2018,156.869995,157.919998,154.440002,157.259995,153.113831,64090000,2.89,63.41
4/4/2018,154.220001,160.229996,154.039993,159.740005,155.528427,65768700,2.83,63.35
4/5/2018,161.330002,161.580002,159.479996,160.649994,156.414459,43054900,2.82,63.53
4/6/2018,158.880005,160.460007,155.880005,156.630005,152.500443,59870900,2.85,62.03
4/9/2018,157.979996,160.880005,157.460007,157.729996,153.571426,41810400,2.78,63.4
4/10/2018,160.210007,161.729996,159.070007,161.210007,156.959717,48296800,2.77,65.48
4/11/2018,160.199997,162,160.100006,160.279999,156.054199,41622100,2.74,66.81
4/12/2018,161.25,162.770004,161.160004,162.210007,157.933334,30467900,0,67.07
4/13/2018,163.020004,163.259995,160.669998,161.369995,157.115494,44604900,2.73,67.35
4/16/2018,162.5,163.190002,161.479996,162.600006,158.313065,28180800,2.79,66.23
4/17/2018,164.240005,166.460007,163.910004,166.100006,161.720795,35536100,2.79,66.5
4/18/2018,166.100006,167,165.309998,166.440002,162.051804,29573900,2.83,68.44
4/19/2018,165.600006,165.990005,164.339996,164.910004,160.562149,34705700,2.77,68.3
4/20/2018,164.490005,164.610001,161.729996,162.300003,158.020966,49197100,2.78,68.26
4/23/2018,163.089996,163.729996,161.020004,161.889999,157.621735,33040600,2.8,67.61
4/24/2018,162.660004,162.910004,157.389999,158.460007,154.282242,70256800,2.79,67.66
4/25/2018,158.740005,159.309998,156.470001,158.649994,154.467178,52089300,2.83,68
4/26/2018,160.699997,162.529999,160.179993,161.990005,157.719177,43005500,2.82,68.18
4/27/2018,164.369995,164.410004,161.169998,162.089996,157.816483,51043400,2.83,68.11
4/30/2018,162.470001,163.479996,160.539993,160.940002,156.696808,35615300,2.82,68.56
5/1/2018,160.520004,162.800003,160.139999,162.779999,158.488297,36513500,2.87,67.28
5/2/2018,163.059998,163.570007,161.630005,161.820007,157.553635,38646800,2.92,67.91
5/3/2018,161,162.399994,159.220001,161.800003,157.534149,60337100,2.96,68.45
5/4/2018,161.100006,165.25,160.979996,164.869995,160.523178,41543200,2.98,69.71
5/7/2018,165.639999,166.779999,165.509995,166.240005,161.857086,32500200,3,70.74
5/8/2018,165.889999,166.429993,164.860001,166.070007,161.691589,26040200,3.03,68.83
5/9/2018,166.369995,168,165.779999,167.880005,163.453842,29122700,3,71.16
5/10/2018,168.419998,169.740005,168.289993,169.619995,165.147964,27067600,2.96,71.36
5/11/2018,169.419998,169.860001,168.720001,169.460007,164.992218,24688800,2.95,70.69
5/14/2018,169.850006,170.820007,169.470001,169.75,165.274521,21821700,2.97,71.01
5/15/2018,168.410004,168.5,166.979996,167.869995,163.444122,49361600,2.97,71.34
5/16/2018,168.089996,169.369995,168.009995,168.979996,164.524857,22941200,2.94,71.43
5/17/2018,168.389999,169.610001,167.509995,168.330002,163.891968,27480200,2.95,71.47
5/18/2018,167.679993,168.259995,167.210007,167.460007,163.044907,26217900,2.95,71.23
5/21/2018,168.759995,169.5,167.679993,168.399994,163.960114,22954600,2.97,72.26
5/22/2018,169.169998,169.449997,167.880005,168.179993,163.745941,19477700,3,72.09
5/23/2018,166.899994,169.619995,166.880005,169.600006,165.128525,26557800,2.97,71.85
5/24/2018,169.550003,169.850006,167.839996,169.550003,165.079803,27696500,2.97,70.77
5/25/2018,169.529999,170.330002,169.210007,169.720001,165.245377,27460500,3,67.92
5/29/2018,168.949997,169.919998,167.960007,168.970001,164.515106,41220500,3.08,66.8
5/30/2018,169.580002,170.479996,169.220001,170.179993,165.693192,22665800,3.09,68.24
5/31/2018,170.179993,171.199997,169.630005,170.070007,165.586105,35670900,3.11,66.98
6/1/2018,170.919998,172.839996,170.869995,172.740005,168.185715,45543300,3.06,65.81
6/4/2018,173.179993,174.339996,173.070007,174.300003,169.704575,20459600,3.06,64.76
6/5/2018,174.710007,175.130005,174.070007,174.839996,170.230331,24779300,3.06,65.51
6/6/2018,175.020004,175.889999,174.139999,175.860001,171.223465,25036600,3.01,64.75
6/7/2018,175.889999,175.929993,173.550003,174.429993,169.831177,39600300,2.98,65.96
6/8/2018,173.610001,174.880005,173.179993,174.440002,169.840912,31780300,2.93,65.77
6/11/2018,174.309998,175.339996,174.279999,174.910004,170.298508,22319700,0,66.1
6/12/2018,175.149994,176,174.960007,175.830002,171.194229,22511800,2.77,66.38
6/13/2018,176.100006,177.139999,175.429993,175.820007,171.184525,37858600,2.84,66.63
6/14/2018,176.630005,177.889999,176.5,177.600006,172.917557,35916000,2.83,66.91
6/15/2018,176.929993,177.330002,176.110001,176.979996,172.313919,49615700,2.89,65.01
6/18/2018,175.490005,176.649994,174.940002,176.5,172.214401,31633200,2.94,65.91
6/19/2018,174.270004,176.039993,173.710007,176,171.726532,38236000,2.92,65.09
6/20/2018,176.809998,177.979996,176.649994,177.25,172.946167,33038000,2.97,65.92
6/21/2018,177.699997,177.880005,175.369995,175.710007,171.443604,43469400,2.93,65.68
6/22/2018,176.300003,176.369995,174.690002,175.320007,171.063019,30073200,2.93,69.02
6/25/2018,173.729996,173.990005,169.809998,171.369995,167.208939,77799700,2.96,69.91
6/26/2018,172,173.059998,171.369995,172.070007,167.891937,39008100,2.96,75.23
6/27/2018,172.800003,173.580002,169.610001,169.729996,165.60878,52843500,2.98,77.41
6/28/2018,169.520004,171.770004,169.169998,171.190002,167.03334,46407700,2.94,73.45
6/29/2018,172.009995,172.919998,171.399994,171.649994,167.482147,36408500,2.93,74.13
7/2/2018,170.039993,172.850006,169.669998,172.800003,168.604202,31770000,2.92,73.89
7/3/2018,173.449997,173.449997,170.630005,170.800003,166.652786,25512700,2.89,74.19
7/5/2018,171.910004,173.059998,171.029999,172.919998,168.721298,31626200,2.93,73.05
7/6/2018,173.320007,175.740005,173,175.610001,171.345993,37005600,2.9,73.78
7/9/2018,176.520004,177.229996,175.820007,177.190002,172.887665,27362100,2.9,73.93
7/10/2018,177.520004,177.720001,176.710007,177.320007,173.014481,23902500,2.87,74.11
7/11/2018,175.929993,177.070007,175.800003,176.419998,172.136353,30280600,2.88,70.47
7/12/2018,177.199997,179.460007,177.080002,179.460007,175.102539,27930100,2.83,70.28
7/13/2018,179.449997,179.899994,178.949997,179.610001,175.248856,28049800,2.84,71.03
7/16/2018,179.649994,179.949997,178.880005,179.179993,174.82933,21405300,2.85,68.22
7/17/2018,177.279999,180.649994,177.279999,180.270004,175.892868,31034100,2.87,68.03
7/18/2018,180.289993,180.440002,179.380005,179.929993,175.561081,23220800,2.83,68.78
7/19/2018,179.279999,179.880005,178.820007,179.029999,174.682953,31094100,0,69.42
7/20/2018,179.570007,180.169998,178.789993,178.990005,174.643951,35897300,2.84,70.31
7/23/2018,178.460007,179.639999,177.740005,179.559998,175.200073,22184700,2.82,67.9
7/24/2018,181.410004,182.050003,179.559998,180.300003,175.92215,36900300,2.86,70.77
7/25/2018,180.380005,182.929993,180.289993,182.820007,178.380936,35026600,2.87,71.13
7/26/2018,180.339996,180.919998,179.809998,180.050003,175.678207,40873500,2.85,71.59
7/27/2018,181.190002,181.309998,176.600006,177.619995,173.307159,59456100,2.85,68.66
7/30/2018,177.630005,177.729996,174.270004,175.110001,170.858154,60193000,2.83,71.19
7/31/2018,175.800003,177.130005,174.820007,176.449997,172.165634,47285100,2.85,69.88
8/1/2018,176.860001,177.649994,176.100006,177.119995,172.819366,37101900,2.86,68.8
8/2/2018,175.869995,179.740005,175.789993,179.529999,175.170853,47178200,2.88,68.95
8/3/2018,179.869995,180.089996,179.080002,180.080002,175.707489,28934400,2.84,68.49
8/6/2018,179.960007,181.190002,179.740005,181.139999,176.741745,24808800,2.89,69.01
8/7/2018,181.649994,182.139999,181.259995,181.800003,177.385696,29895700,2.96,69.17
8/8/2018,181.550003,182.350006,181.059998,182.020004,177.600357,22680700,2.95,66.92
8/9/2018,181.910004,182.630005,181.639999,181.910004,177.493042,18852900,2.94,66.81
8/10/2018,180.679993,181.220001,179.839996,180.520004,176.136795,33818500,2.98,67.61
8/13/2018,180.850006,182.009995,180.240005,180.320007,175.94162,26089200,2.96,67.25
8/14/2018,181.009995,181.660004,180.039993,181.449997,177.044189,20913000,2.98,67.04
8/15/2018,180.009995,180.580002,178.119995,179.229996,174.878098,58528000,2.96,65.07
8/16/2018,180.610001,180.990005,179.470001,179.820007,175.453796,27711800,3,65.44
8/17/2018,179.350006,180.309998,178.270004,179.860001,175.492813,36092600,2.98,65.93
8/20/2018,180.259995,180.330002,179,179.699997,175.336685,24939000,2.95,66.5
8/21/2018,180.240005,181.440002,180.130005,180.360001,175.980682,26258700,2.94,67.32
8/22/2018,179.979996,181.270004,179.75,181.059998,176.663666,18042400,2.98,67.85
8/23/2018,180.740005,182.050003,180.5,180.800003,176.409973,25776200,2.96,69.13
8/24/2018,181.399994,182.630005,181.360001,182.479996,178.049179,23136100,2.93,69.71
8/27/2018,183.399994,184.339996,183.110001,184.339996,179.864014,29343600,2.87,69.97
8/28/2018,184.830002,185.020004,184.220001,184.610001,180.127472,20277000,2.88,68.54
8/29/2018,184.929993,186.839996,184.860001,186.740005,182.205765,29175600,2.89,69.68
8/30/2018,186.380005,187.520004,185.789993,186.410004,181.883789,29315500,2.86,70.25
8/31/2018,186.179993,187.179993,185.979996,186.649994,182.117935,28653200,2.87,69.84
9/4/2018,186.080002,186.399994,184.850006,185.850006,181.337387,29063500,2.87,69.82
9/5/2018,185.520004,185.550003,182.820007,183.449997,178.995651,42623300,2.82,68.69
9/6/2018,183.529999,183.75,180.580002,181.809998,177.395477,46091400,2.85,67.81
9/7/2018,180.5,182.669998,180.440002,181.110001,176.712463,46629500,2.82,67.73
9/10/2018,182.149994,182.25,180.729996,181.720001,177.307663,26132000,2.82,67.55
9/11/2018,180.990005,183.419998,180.520004,183.119995,178.673645,30116500,2.82,69.29
9/12/2018,182.850006,182.979996,181.009995,182.580002,178.146759,36204000,2.85,70.37
9/13/2018,183.720001,184.880005,183.639999,184.529999,180.049408,31133200,2.88,68.6
9/14/2018,184.660004,184.949997,183.259995,183.990005,179.522552,31224100,2.89,68.98
9/17/2018,183.679993,183.809998,181.169998,181.339996,176.936859,33071200,2.86,68.86
9/18/2018,181.490005,183.729996,181.399994,182.839996,178.400436,31877300,2.86,69.87
9/19/2018,182.869995,183.300003,181.509995,182.699997,178.26387,31843400,0,71.08
9/20/2018,183.960007,184.970001,183.520004,184.720001,180.234802,33295800,2.9,70.77
9/21/2018,185.220001,185.479996,183.479996,183.710007,179.249374,38605400,2.9,70.8
9/24/2018,182.050003,183.960007,181.300003,183.889999,179.747833,34945600,2.88,73.23
9/25/2018,183.809998,184.279999,183.179993,184.139999,179.992188,25277500,2.94,73.4
9/26/2018,184.300003,185.990005,183.910004,184.270004,180.119293,36210600,2.94,72.22
9/27/2018,185.020004,186.490005,184.919998,185.830002,181.644135,33113300,2.98,72.18
9/28/2018,185.309998,186.279999,184.970001,185.789993,181.605057,28076800,2.97,73.16
10/1/2018,186.869995,187.529999,185.699997,186.169998,181.976501,27371300,2.97,75.37
10/2/2018,186.009995,187.179993,185.320007,185.75,181.565948,25618600,2.99,75.16
10/3/2018,186.529999,186.970001,185.660004,185.949997,181.761414,29128700,2.99,76.4
10/4/2018,185.199997,185.320007,181.059998,182.380005,178.271851,80557300,3.05,74.44
10/5/2018,182.360001,182.970001,178.429993,180.149994,176.092072,83325600,3.08,74.26
10/8/2018,179.520004,180.639999,176.929993,179.050003,175.016876,66864500,3.07,74.27
10/9/2018,179.179993,181.020004,178.75,179.630005,175.583817,49097900,3.07,74.95
10/10/2018,178.509995,178.619995,171.5,171.729996,167.86174,114471100,3.08,73.18
10/11/2018,171.020004,173.399994,167.809998,169.600006,165.779739,143084500,3.1,70.97
10/12/2018,174.169998,174.860001,170.929993,174.320007,170.393417,102078400,3.06,71.41
10/15/2018,173.710007,174.039993,171.559998,172.210007,168.330917,64885300,3.06,71.84
10/16/2018,174.020004,177.649994,173.699997,177.220001,173.228073,71979700,3.05,71.93
10/17/2018,178.080002,178.259995,175.470001,177.289993,173.296509,66987600,3.09,69.63
10/18/2018,176.619995,176.679993,172.440002,173.179993,169.279068,82486200,3.05,68.63
10/19/2018,174.580002,176.070007,172.389999,173.020004,169.122696,82923700,3.15,69.16
10/22/2018,174.059998,175.25,172.589996,173.910004,169.992661,52909300,3.19,69.25
10/23/2018,170.639999,174.130005,168.820007,173.270004,169.36705,77567000,3.23,66.49
10/24/2018,173.070007,173.360001,165.039993,165.339996,161.615692,102997400,0,66.56
10/25/2018,167.910004,172.080002,167.160004,171.059998,167.206818,83481100,3.21,67.25
10/26/2018,165.199997,169.960007,164.229996,166.660004,162.905914,130970900,3.22,67.58
10/29/2018,169.210007,169.860001,160.089996,163.229996,159.553223,111871900,3.14,67
10/30/2018,162.75,166.039993,162.009995,165.919998,162.182602,92584000,3.15,66.18
10/31/2018,168.619995,171.25,168.539993,169.820007,165.994781,73828600,3.16,65.31
11/1/2018,170.070007,172.240005,168.779999,172.059998,168.184311,52706800,3.16,63.67
11/2/2018,171.529999,172.550003,168.220001,169.380005,165.564697,75966800,3.19,63.12
11/5/2018,169.600006,169.660004,167.080002,168.960007,165.15416,39573500,3.17,63.12
11/6/2018,168.970001,171.190002,168.720001,170.240005,166.405304,34410400,3.2,62.16
11/7/2018,172.279999,175.580002,171.869995,175.580002,171.625031,51169600,3.2,61.69
11/8/2018,174.759995,175.300003,173.630005,174.460007,170.530243,40296500,3.17,60.71
11/9/2018,172.830002,173.25,170.160004,171.520004,167.656448,50602700,3.1,60.19
11/12/2018,170.320007,170.639999,166.179993,166.330002,162.583374,62578400,3.14,59.85
11/13/2018,167.110001,169.479996,166,166.470001,162.7202,64128100,3.08,55.63
11/14/2018,168.119995,168.699997,164.25,165.199997,161.478836,75270700,3.08,56.16
11/15/2018,164.899994,168.539993,163.460007,168.089996,164.303741,73254300,3.12,56.45
11/16/2018,166.449997,168.309998,165.779999,167.5,163.727005,65390700,3.15,56.49
11/19/2018,166.699997,166.899994,161.539993,162.059998,158.409531,67280500,3.14,57.16
11/20/2018,158.369995,161.380005,157.130005,159.160004,155.574875,102652800,3.22,53.39
11/21/2018,161.350006,161.970001,159.229996,160.369995,156.757614,42965800,3.2,54.41
11/23/2018,159.089996,160.839996,159.089996,159.210007,155.623764,23503700,3.22,52.935
11/26/2018,161.440002,162.970001,160.759995,162.889999,159.220856,42012600,3.22,51.46
11/27/2018,162,163.850006,161.179993,163.440002,159.758469,36608100,3.24,51.31
11/28/2018,164.619995,168.699997,163.470001,168.699997,164.900009,70141000,3.19,50.06
11/29/2018,167.990005,169.259995,166.820007,168.149994,164.362366,44885700,0,51.46
11/30/2018,168.380005,169.470001,167.539993,169.369995,165.554886,36722800,3.14,50.78
12/3/2018,173.110001,173.309998,169.509995,172.330002,168.448257,50771700,3.12,52.98
12/4/2018,171.429993,171.910004,165.520004,165.720001,161.987137,70594700,3.11,53.21
12/6/2018,162.380005,166.910004,161.770004,166.889999,163.130753,71715500,3.08,51.54
12/7/2018,166.160004,167.119995,160.860001,161.380005,157.744919,80432200,3.06,52.76
12/10/2018,161.080002,163.779999,159.410004,163.070007,159.396835,73960800,3.06,51.07
12/11/2018,165.729996,165.770004,162.229996,163.610001,159.924667,59058300,3.06,51.65
12/12/2018,166,167.600006,164.960007,165.050003,161.332214,53780000,0,51.04
12/13/2018,166.130005,166.820007,164.029999,165.100006,161.381073,46378500,3.05,52.69
12/14/2018,163.210007,163.809998,160.699997,161.080002,157.451645,56547400,3.07,51.26
12/17/2018,160.389999,161.669998,156.169998,157.429993,153.883835,74834100,3.06,49.8
12/18/2018,158.649994,159.949997,157.039993,158.419998,154.851578,63642100,3.06,46.12
12/19/2018,158.179993,160.720001,153.339996,154.529999,151.049149,81856500,3.03,47.96
12/20/2018,154.149994,155.869995,150.389999,152.289993,148.859619,99002100,3.01,45.64
12/21/2018,153.050003,154.089996,146.720001,147.570007,144.245941,141129400,2.98,45.38
12/24/2018,146.080002,147.979996,143.460007,143.5,140.668945,56163300,2.91,45.71
12/26/2018,145.080002,152.539993,144.089996,152.460007,149.452164,98982100,0,46.04
12/27/2018,150.369995,153.179993,147.080002,153.050003,150.030548,85824300,2.87,44.48
12/28/2018,154.149994,155.589996,151.720001,152.970001,149.952103,77856600,2.85,45.15
12/31/2018,154.470001,154.979996,152.710007,154.259995,151.216629,53015300,2.85,45.73
1/2/2019,150.990005,155.75,150.880005,154.880005,151.824448,58576700,2.89,46.31
1/3/2019,152.600006,153.259995,149.490005,149.820007,146.864273,74820200,2.91,46.92
1/4/2019,152.339996,157,151.740005,156.229996,153.147781,74709300,2.91,47.76
1/7/2019,156.619995,158.860001,156.110001,158.089996,154.9711,52059300,2.89,48.27
1/8/2019,159.539993,160.110001,157.199997,159.520004,156.372879,49388700,2.86,49.58
1/9/2019,160.139999,161.520004,159.470001,160.820007,157.647232,46491700,2.82,52.19
1/10/2019,159.600006,161.369995,158.699997,161.279999,158.098145,38943400,2.77,52.42
1/11/2019,160.330002,160.860001,159.789993,160.690002,157.519775,30176600,2.79,51.44
1/14/2019,159.330002,159.960007,158.589996,159.270004,156.127792,30710200,2.79,50.31
1/15/2019,160,162.600006,159.910004,162.380005,159.176483,40874200,2.74,51.8
1/16/2019,162.649994,163.779999,162.289993,162.350006,159.147049,33812200,0,52.08
1/17/2019,161.830002,164.360001,161.570007,163.630005,160.40181,39329000,2.81,51.83
1/18/2019,164.779999,166.020004,163.820007,165.25,161.989807,57183200,2.77,53.6
1/22/2019,164.059998,164.139999,160.759995,161.940002,158.745132,56711700,2.72,52.59
1/23/2019,162.770004,163.509995,160.320007,162.149994,158.950974,38106100,2.69,52.44
1/24/2019,162.679993,163.440002,162.059998,163.199997,159.980286,32417800,0,52.94
1/25/2019,164.509995,165.649994,163.949997,165.149994,161.891815,36515900,2.66,53.53
1/28/2019,163.020004,163.119995,161.75,163.110001,159.892044,33491200,2.56,51.79
1/29/2019,163.199997,163.240005,160.990005,161.570007,158.382462,30784200,2.67,53.07
1/30/2019,163.399994,166.279999,162.889999,165.679993,162.411346,41346500,2.7,54.18
1/31/2019,166.699997,168.990005,166.470001,168.160004,164.842438,37258400,2.73,53.84
2/1/2019,167.330002,168.600006,166.990005,167.449997,164.146454,32143700,2.74,55.29
2/4/2019,167.479996,169.529999,167.330002,169.529999,166.185394,26718800,2.74,54.57
2/5/2019,169.759995,171.229996,169.690002,171.029999,167.655823,28156400,2.71,53.69
2/6/2019,171.070007,171.369995,169.75,170.520004,167.155853,27970000,2.71,53.94
2/7/2019,169.029999,169.449997,166.949997,168.229996,164.911072,42036200,2.72,52.68
2/8/2019,166.759995,168.589996,166.570007,168.559998,165.234528,29020700,2.73,52.75
2/11/2019,169.169998,169.580002,167.979996,168.399994,165.077682,21434100,2.75,52.43
2/12/2019,169.630005,171.139999,169.330002,170.889999,167.5186,29722100,2.79,53.14
2/13/2019,171.649994,172.160004,170.820007,171.009995,167.636215,26094100,0,53.84
2/14/2019,170.399994,171.830002,169.830002,171.220001,167.842056,30326800,2.74,54.4
2/15/2019,172.520004,172.559998,171.139999,171.940002,168.547836,32521700,2.76,55.58
2/19/2019,171.410004,172.800003,171.380005,172.279999,168.881119,19487700,2.72,56.12
2/20/2019,172.399994,173.080002,171.320007,172.25,168.851746,32593000,2.76,56.9
2/21/2019,171.789993,172.259995,170.710007,171.619995,168.234161,25207400,2.75,56.95
2/22/2019,171.990005,173.009995,171.899994,172.889999,169.479111,27735400,2.72,57.01
2/25/2019,174.210007,174.660004,173.399994,173.520004,170.096664,32608800,2.7,55.32
2/26/2019,173.100006,174.25,172.809998,173.699997,170.273132,21939700,2.63,55.4
2/27/2019,172.899994,173.800003,171.759995,173.589996,170.165283,25162000,2.7,56.92
2/28/2019,173.050003,173.809998,172.699997,173.190002,169.773193,25085500,2.73,57.21
3/1/2019,174.440002,174.649994,173.179993,174.389999,170.949539,31431200,2.71,55.76
3/4/2019,175.539993,175.789993,172.470001,174.419998,170.978928,38063500,2.7,56.6
3/5/2019,174.550003,175.089996,173.690002,174.550003,171.106369,22319900,2.65,56.55
3/6/2019,174.720001,174.75,173.279999,173.559998,170.135925,27194600,2.63,56.22
3/7/2019,173.119995,173.179993,170.789993,171.429993,168.047913,39407400,2.65,56.6
3/8/2019,169.509995,171.259995,169.339996,171.169998,167.793045,39303200,2.68,55.77
3/11/2019,171.880005,174.850006,171.850006,174.729996,171.282806,30518400,2.71,56.79
3/12/2019,175.190002,176.139999,174.770004,175.690002,172.223877,33953500,2.66,56.89
3/13/2019,176.600006,177.929993,176.350006,177.009995,173.517838,42426100,2.66,58.27
3/14/2019,177.130005,177.339996,176.660004,176.710007,173.22377,23751500,0,58.59
3/15/2019,177.399994,178.880005,177.279999,178.350006,174.831421,38192000,2.65,58.51
3/18/2019,177.949997,178.990005,177.589996,178.449997,175.247787,32935100,2.65,59.09
3/19/2019,179.179993,180,178.289993,179.050003,175.837021,36893300,2.69,59.12
3/20/2019,179.059998,180.860001,178.240005,179.759995,176.534256,50105000,2.65,60.12
3/21/2019,179.220001,182.830002,179.199997,182.570007,179.293854,42428500,2.67,59.98
3/22/2019,181.779999,182.270004,178.369995,178.559998,175.355789,70794500,2.64,58.87
3/25/2019,177.910004,178.839996,176.929993,178.220001,175.021912,46336500,2.69,58.71
3/26/2019,179.600006,180.690002,178.139999,179.050003,175.837021,33248100,2.73,59.87
3/27/2019,179.320007,179.720001,176.600006,177.899994,174.707626,37096700,2.76,59.39
3/28/2019,178.360001,178.979996,177.240005,178.309998,175.110275,30368200,2.72,59.29
3/29/2019,179.690002,179.830002,178.589996,179.660004,176.436066,35205500,2.72,60.19
4/1/2019,181.509995,182.259995,180.770004,182.039993,178.773346,30969500,2.69,61.59
4/2/2019,182.240005,182.910004,181.779999,182.729996,179.451004,22645200,2.64,62.53
4/3/2019,183.759995,184.919998,183.210007,183.779999,180.482117,31633500,2.62,62.46
4/4/2019,183.830002,184.5,182.649994,183.710007,180.413406,28530800,2.64,62.12
4/5/2019,184.240005,184.770004,184.020004,184.660004,181.346359,25674700,2.61,63.1
4/8/2019,184.360001,185.279999,183.630005,185.130005,181.807907,22697500,2.61,64.37
4/9/2019,184.5,185.110001,184.089996,184.479996,181.169571,25631900,2.63,64.05
4/10/2019,184.720001,185.529999,184.520004,185.470001,182.141815,24563000,2.59,64.62
4/11/2019,185.779999,185.779999,184.690002,185.029999,181.709702,20654100,2.6,63.61
4/12/2019,185.850006,185.949997,185.059998,185.830002,182.495361,24989100,2.61,63.86
4/15/2019,185.839996,186.070007,184.619995,185.860001,182.524841,21073000,2.54,63.43
4/16/2019,186.539993,186.910004,185.929993,186.5,183.153336,27195700,2.54,64.01
4/17/2019,187.75,187.929993,186.600006,187.149994,183.791672,29651600,2.44,63.74
4/18/2019,187.460007,187.789993,186.289993,187.389999,184.027344,28580900,2.43,64.02
4/22/2019,186.570007,187.990005,186.429993,187.919998,184.547867,17936000,2.41,65.66
4/23/2019,188.399994,190.539993,188.130005,190.309998,186.894974,33665600,2.39,66.24
4/24/2019,190.470001,190.710007,189.649994,189.710007,186.30574,24977100,2.39,65.96
4/25/2019,191.130005,191.220001,189.449997,190.479996,187.061905,29517500,2.41,65.23
4/26/2019,190.179993,190.690002,188.589996,190.649994,187.228836,26359500,2.49,63.29
4/29/2019,190.649994,191.320007,190.339996,191.020004,187.592239,21716200,2.48,63.39
4/30/2019,189.479996,189.850006,188.210007,189.539993,186.138794,31495300,2.52,63.83
5/1/2019,190.779999,191.320007,188.800003,188.929993,185.539719,34797100,2.51,63.55
5/2/2019,188.869995,189.850006,186.869995,188.110001,184.734467,44110100,2.5,61.75
5/3/2019,189.669998,191.25,189.330002,191.110001,187.680603,30386200,2.52,61.98
5/6/2019,187.050003,190.199997,186.759995,189.940002,186.531601,38371800,2.51,62.3
5/7/2019,187.869995,188.669998,184.509995,186.240005,182.897995,58818100,2.48,61.41
5/8/2019,185.630005,187.169998,184.960007,185.770004,182.436432,37165300,2.51,62.13
5/9/2019,183.699997,185.410004,182.089996,184.770004,181.454376,55351700,2.56,61.58
5/10/2019,184.110001,185.889999,181.029999,185,181.680252,58526400,2.55,61.65
5/13/2019,180.289993,181.259995,178.059998,178.580002,175.375458,67185800,2.6,60.97
5/14/2019,179.520004,181.630005,178.860001,180.539993,177.300278,43360600,2.59,61.82
5/15/2019,179.350006,183.550003,179.309998,183.089996,179.804504,40944500,2.57,62.03
5/16/2019,183.169998,186.070007,182.949997,184.929993,181.611511,39281200,0,62.93
5/17/2019,183.100006,185.580002,182.880005,183.039993,179.755417,44702300,2.59,62.77
5/20/2019,180.490005,181.179993,179.339996,179.949997,176.720886,38608300,2.57,63.12
5/21/2019,181.5,182.330002,180.919998,181.830002,178.567139,31613800,2.53,63.02
5/22/2019,180.820007,182.070007,180.75,181.020004,177.771683,24332600,2.54,61.42
5/23/2019,178.940002,179.020004,177.139999,178.25,175.051361,45351300,2.51,57.65
5/24/2019,179.210007,179.850006,177.940002,178.160004,174.962997,25903300,2.54,58.4
5/28/2019,178.660004,179.660004,177.470001,177.490005,174.305008,24763800,2.51,58.91
5/29/2019,176.389999,177,175.089996,176.029999,172.871216,42178800,2.52,58.84
5/30/2019,176.5,177.270004,175.770004,176.770004,173.597961,30354800,2.55,56.47
5/31/2019,174.690002,175.289993,173.869995,173.949997,170.828537,45446200,2.54,53.49
6/3/2019,173.479996,173.949997,169.270004,170.119995,167.067261,75842300,2.51,53.25
6/4/2019,172.029999,174.970001,171.369995,174.910004,171.771301,47797800,2.45,53.5
6/5/2019,176.580002,176.610001,174.380005,176.210007,173.048004,34412700,2.49,51.57
6/6/2019,176.509995,178.039993,175.729996,177.610001,174.422836,29913200,2.45,52.59
6/7/2019,178.559998,181.770004,178.330002,181.039993,177.791321,45888300,2.47,53.95
6/10/2019,182.25,184.850006,182.210007,183.149994,179.863464,41385300,2.4,53.33
6/11/2019,185.059998,185.399994,182.779999,183.399994,180.108932,41260300,2.42,53.3
6/12/2019,182.899994,183.279999,182,182.339996,179.067963,27758100,2.37,51.13
6/13/2019,183.100006,183.869995,182.740005,183.419998,180.128586,23715800,2.4,52.38
6/14/2019,182.479996,183.110001,181.940002,182.639999,179.362579,22844100,2.39,52.47
6/17/2019,183.039993,184.25,182.839996,183.740005,180.442886,20379500,2.41,51.94
6/18/2019,185.910004,187.720001,185.429993,186.410004,183.064926,48177300,2.43,53.86
6/19/2019,186.660004,187.529999,185.570007,187.110001,183.75238,31672900,2.39,53.74
6/20/2019,189.720001,189.759995,187.160004,188.850006,185.461151,40922000,2.31,56.88
6/21/2019,188.630005,189.770004,188.169998,188.570007,185.186188,39980400,2.32,57.35
6/24/2019,188.529999,188.720001,188.059998,188.160004,185.192078,19375200,0,57.73
6/25/2019,188.029999,188.139999,184.649994,184.929993,182.013046,33921100,2.26,57.63
6/26/2019,186.160004,187.330002,185.490005,185.789993,182.859482,22595700,2.25,59.17
6/27/2019,186.460007,186.940002,185.990005,186.5,183.558273,19709200,2.22,59.18
6/28/2019,186.949997,187.149994,186.070007,186.740005,183.794495,21179200,2.14,58.2
7/1/2019,190.320007,190.570007,188.380005,189.259995,186.27475,31025600,2.07,58.91
7/2/2019,189.199997,190.029999,188.660004,190.009995,187.012924,18035800,2.12,56
7/3/2019,190.490005,191.440002,190.289993,191.440002,188.420364,15792100,2.12,57.06
7/5/2019,190.130005,191.399994,189.389999,191.050003,188.036514,21415600,2.12,57.205
7/8/2019,189.809998,189.869995,188.929993,189.710007,186.717667,17598800,2.09,57.35
7/9/2019,188.809998,190.899994,188.649994,190.660004,187.652649,19193500,2.15,57.57
7/10/2019,191.820007,193.089996,191.470001,192.559998,189.52269,28374500,2.15,60.28
7/11/2019,192.850006,193.339996,191.809998,192.419998,189.384903,23736100,2.13,59.93
7/12/2019,192.630005,193.539993,192.449997,193.529999,190.477386,20211900,2.1,59.99
7/15/2019,193.979996,194.190002,193.440002,194.149994,191.087601,15606100,2.09,59.3
7/16/2019,193.910004,194.089996,192.559998,193.149994,190.103394,20190900,2.09,57.44
7/17/2019,193.149994,193.490005,192.179993,192.199997,189.168381,16765100,2.06,56.5
7/18/2019,191.289993,192.789993,190.690002,192.419998,189.384903,28877000,2.03,55.08
7/19/2019,193.740005,193.830002,190.809998,191.009995,187.997131,29387900,2.01,55.42
7/22/2019,191.440002,192.940002,191.440002,192.529999,189.493164,18954900,2.07,55.87
7/23/2019,193.580002,193.809998,192.289993,193.789993,190.733276,23786700,2.02,56.58
7/24/2019,193.050003,195.160004,193.029999,195.149994,192.071823,20422900,2,55.9
7/25/2019,194.490005,194.520004,192.929993,193.300003,190.251007,23434700,2.05,55.88
7/26/2019,194.529999,195.550003,194.429993,195.289993,192.209625,20431200,2.01,56.04
7/29/2019,195.110001,195.179993,193.389999,194.619995,191.550186,20451700,2,56.85
7/30/2019,193.130005,194.539993,192.990005,193.779999,190.723465,18705000,2.03,58.04
7/31/2019,194.300003,194.429993,189.320007,191.100006,188.085709,41627500,1.98,58.53
8/1/2019,191.429993,194.979996,189.229996,190.149994,187.150681,63251600,1.96,53.64
8/2/2019,188.720001,188.990005,186.210007,187.350006,184.394867,55214000,0,55.67
8/5/2019,183.429993,183.509995,179.199997,180.729996,177.879303,75040000,2.04,54.63
8/6/2019,182.399994,183.800003,181.070007,183.259995,180.36937,41897200,2.05,53.6
8/7/2019,181.270004,184.509995,179.889999,184.25,181.34375,49990600,2.07,51.14
8/8/2019,185.080002,188.320007,184.570007,188.259995,185.290527,38418100,2.07,52.6
8/9/2019,187.360001,188,185.029999,186.490005,183.548431,33608900,2.13,54.41
8/12/2019,185.339996,185.899994,183.5,184.350006,181.442215,24642900,2.12,54.98
8/13/2019,184.190002,189.679993,184.020004,188.389999,185.418442,40241900,2.09,57.05
8/14/2019,185.360001,185.949997,182.419998,182.759995,179.877258,51000500,2.13,55.16
8/15/2019,183,183.589996,181.160004,182.550003,179.670593,36685000,2.06,54.51
8/16/2019,184.210007,185.949997,184.100006,185.479996,182.554352,32781400,2.04,54.83
8/19/2019,188.160004,188.830002,187.5,188.429993,185.45787,22494100,2.05,56.24
8/20/2019,187.960007,188.639999,186.919998,186.970001,184.020889,19902900,2.05,56.18
8/21/2019,188.610001,189.229996,187.960007,188.630005,185.654678,20418500,2.08,55.65
8/22/2019,188.979996,189.460007,186.539993,188.020004,185.054306,24243700,2.05,55.33
8/23/2019,186.740005,188.449997,181.559998,182.070007,179.198166,55372400,2.08,54.08
8/26/2019,184.139999,184.869995,183.080002,184.820007,181.90477,27598900,2.08,53.54
8/27/2019,186.110001,186.419998,183.710007,184.429993,181.520935,28012800,2.06,54.99
8/28/2019,183.830002,185.399994,182.910004,185.089996,182.170517,21792400,2.06,55.76
8/29/2019,187.389999,188.460007,186.679993,187.919998,184.955887,25358900,2.02,56.67
8/30/2019,188.929993,188.970001,186.410004,187.470001,184.512985,26319800,1.9,55.07
9/3/2019,186.220001,187.179993,185.029999,185.649994,182.721649,27964200,1.86,53.91
9/4/2019,187.440002,188.490005,186.899994,188.330002,185.359421,21592100,1.75,56.22
9/5/2019,190.410004,192.330002,190.339996,191.779999,188.75499,33932600,1.73,56.33
9/6/2019,192.100006,192.169998,191.169998,191.589996,188.567978,19487800,1.71,56.45
9/9/2019,192.190002,192.270004,190.220001,191.190002,188.174286,24407600,1.72,57.88
9/10/2019,190.160004,190.740005,188.910004,190.639999,187.632965,23744700,1.74,57.37
9/11/2019,191,192.529999,190.559998,192.429993,189.39473,25063600,1.65,55.66
9/12/2019,193.610001,194.710007,192.970001,193.229996,190.182114,28689900,1.68,55.13
9/13/2019,192.949997,193.399994,192.289993,192.539993,189.503006,27669800,1.59,54.76
9/16/2019,191.300003,192.080002,191.110001,191.679993,188.65657,20319000,1.52,63.1
9/17/2019,191.699997,192.600006,191.289993,192.600006,189.562073,20953400,1.55,59.26
9/18/2019,192.199997,192.600006,190.110001,192.520004,189.483307,29781300,1.6,58.19
9/19/2019,192.860001,194.039993,192.470001,192.839996,189.798279,26039400,1.55,58.19
9/20/2019,193.110001,193.309998,190.160004,190.800003,187.790466,29086100,1.59,57.92
9/23/2019,190.360001,191.070007,189.720001,190.5,187.873306,22485900,1.62,58.69
9/24/2019,191.369995,191.789993,187.149994,187.970001,185.378159,40820700,1.52,57.22
9/25/2019,187.779999,190.580002,186.210007,190.080002,187.459061,34704900,1.54,56.38
9/26/2019,189.830002,190,187.979996,189.380005,186.768768,26826000,1.49,56.24
9/27/2019,189.729996,189.830002,185.75,187.029999,184.451141,40773500,1.47,55.95
9/30/2019,187.789993,189.110001,187.399994,188.809998,186.206589,26307700,1.5,54.09
10/1/2019,189.5,190.589996,186.960007,187.270004,184.687836,32367600,1.5,53.6
10/2/2019,186,186.029999,183.020004,184.050003,181.512222,48544300,0,52.67
10/3/2019,184.029999,186.210007,181.820007,186.070007,183.504364,39392500,1.47,52.41
10/4/2019,187.080002,189.080002,186.880005,188.809998,186.206589,31887600,1.47,52.84
10/7/2019,188.270004,189.740005,187.910004,188.240005,185.644455,21216000,1.57,52.76
10/8/2019,187.059998,187.860001,185.270004,185.419998,182.863312,32379300,1.55,52.64
10/9/2019,186.990005,188.080002,186.429993,187.229996,184.648392,20147400,1.63,52.63
10/10/2019,187.279999,189.429993,187.119995,188.679993,186.078369,25177700,1.72,53.57
10/11/2019,190.830002,192.630005,190.720001,191.110001,188.474884,40976700,1.75,54.76
10/14/2019,190.839996,191.699997,190.649994,191.089996,188.45517,14975000,1.79,53.57
10/15/2019,191.679993,193.970001,191.559998,193.520004,190.851669,23234200,1.9,52.81
10/16/2019,192.860001,193.529999,192.429993,193.039993,190.378265,20457100,1.84,53.42
10/17/2019,194.199997,194.5,192.809998,193.550003,190.881226,19045200,1.81,53.89
10/18/2019,193.199997,193.669998,190.710007,191.690002,189.046875,27700800,1.8,53.75
10/21/2019,192.710007,193.520004,192.139999,193.389999,190.72345,15801200,1.79,53.28
10/22/2019,194.149994,194.419998,191.789993,191.850006,189.204666,22392300,1.74,54.21
10/23/2019,191.460007,192.259995,191.149994,192.220001,189.56955,14828400,1.72,55.9
10/24/2019,193.589996,194.210007,192.740005,194.089996,191.413788,18998500,1.64,56.11
10/25/2019,193.089996,195.740005,193.050003,195.639999,192.942413,21507100,1.73,56.52
10/28/2019,196.550003,197.830002,196.550003,197.570007,194.84581,18818700,1.7,55.6
10/29/2019,197.240005,197.539993,196.009995,196.039993,193.336914,18569700,1.69,55.34
10/30/2019,196.419998,197.320007,195.289993,196.990005,194.273819,21764300,1.68,54.85
10/31/2019,197.559998,197.649994,195.940002,197.080002,194.362579,26801800,1.65,54.02
11/1/2019,197.929993,198.880005,197.630005,198.869995,196.127869,22131900,1.6,56.04
11/4/2019,200.190002,200.529999,198.869995,200.100006,197.340912,19015900,1.54,56.33
11/5/2019,200.350006,200.550003,199.550003,200.210007,197.449402,15048900,1.52,57.04
11/6/2019,199.979996,200,198.789993,199.759995,197.005615,19725500,1.56,56.15
11/7/2019,200.759995,201.720001,199.850006,200.429993,197.666367,17832400,1.54,56.91
11/8/2019,200.070007,201.25,199.539993,201.229996,198.455338,15258800,1.59,57.02
11/11/2019,200.210007,201.039993,199.940002,200.960007,198.189072,10147600,1.67,56.845
11/12/2019,201.130005,202.210007,200.820007,201.539993,198.761047,14778300,1.76,56.67
11/13/2019,200.839996,201.779999,200.710007,201.589996,198.810364,15774600,0,56.88
11/14/2019,200.830002,201.559998,200.220001,201.429993,198.652573,16945400,1.77,56.57
11/15/2019,202.649994,202.910004,202,202.910004,200.112167,18427900,1.75,57.54
11/18/2019,202.589996,203.389999,201.770004,203.070007,200.269958,18365900,1.76,56.82
11/19/2019,203.839996,203.839996,202.589996,203.369995,200.565811,16923300,1.76,54.93
11/20/2019,202.839996,203.449997,200.619995,202.149994,199.362625,36629000,1.8,56.71
11/21/2019,201.929993,202.070007,201.070007,201.699997,198.918854,17883600,1.78,58.36
11/22/2019,202.199997,202.320007,200.740005,201.830002,199.047058,17189600,1.77,57.68
11/25/2019,202.699997,204.259995,202.669998,204.220001,201.404114,17752800,1.77,57.79
11/26/2019,204.350006,204.869995,204.050003,204.610001,201.788742,14780600,1.8,58.25
11/27/2019,205.139999,206.050003,204.889999,206.039993,203.199005,16963100,1.85,58.12
11/29/2019,205.520004,205.830002,205,205.100006,202.272003,9854600,1.84,58.12
12/2/2019,205.110001,205.179993,201.779999,203,200.200928,28007000,1.78,55.97
12/3/2019,200.210007,201.490005,199.229996,201.410004,198.632858,31104100,1.69,56.15
12/4/2019,202.440002,202.910004,202.139999,202.429993,199.638794,15300100,1.73,58.46
12/5/2019,203.149994,203.149994,201.839996,202.830002,200.033264,14962300,1.79,58.42
12/6/2019,204.309998,205.149994,204.149994,205,202.17337,16555300,1.86,59.2
12/9/2019,204.630005,205.589996,203.979996,204.070007,201.25621,13984100,1.81,58.99
12/10/2019,204.169998,204.880005,203.440002,203.899994,201.088516,21799800,1.92,59.22
12/11/2019,204.360001,205.190002,204.039993,204.979996,202.15361,18780800,1.94,58.74
12/12/2019,204.770004,207.320007,204.490005,206.509995,203.662521,32612000,0,59.18
12/13/2019,206.399994,207.910004,205.960007,207.190002,204.333145,32519400,1.92,60.11
12/16/2019,208.550003,209.529999,208.479996,209.270004,206.384476,21296600,1.88,60.21
12/17/2019,209.539993,209.710007,209.039993,209.389999,206.502838,15996100,1.82,60.88
12/18/2019,209.570007,210.130005,209.330002,209.550003,206.660629,15443300,1.84,60.93
12/19/2019,209.639999,210.929993,209.619995,210.860001,207.95256,17865900,1.81,61.3
12/20/2019,211.860001,212.520004,211.270004,211.710007,208.790817,27672600,1.79,60.43
12/23/2019,212,212.149994,211.630005,211.809998,209.342331,23774700,1.73,60.51
12/24/2019,212,212.089996,211.440002,211.919998,209.45105,7089000,1.77,61.17
12/26/2019,212.259995,213.809998,212.229996,213.789993,211.29924,17067500,1.77,61.72
12/27/2019,214.539993,214.559998,213.039993,213.610001,211.121368,18134100,1.76,61.76
12/30/2019,213.5,213.630005,211.160004,212.210007,209.737671,21815500,1.74,61.66
12/31/2019,211.529999,212.759995,211.199997,212.610001,210.133011,18170900,1.77,61.14
1/2/2020,214.399994,216.160004,213.979996,216.160004,213.641663,30969400,0,61.17
1/3/2020,213.300003,215.470001,213.279999,214.179993,211.684723,27518900,1.78,63
1/6/2020,212.5,215.589996,212.240005,215.559998,213.04866,21655300,1.83,63.27
1/7/2020,215.639999,216.139999,214.850006,215.529999,213.019012,22139300,1.72,62.7
1/8/2020,215.5,218.139999,215.160004,217.149994,214.620117,26397300,1.77,59.65
1/9/2020,218.940002,219.410004,217.710007,218.990005,216.43869,23547000,1.8,59.56
1/10/2020,219.850006,219.869995,218.039993,218.429993,215.885208,21898500,1.84,59.02
1/13/2020,219.330002,220.979996,218.979996,220.949997,218.375854,22756900,1.83,58.17
1/14/2020,220.839996,221.210007,219.740005,220.080002,217.516006,24418100,1.85,58.34
1/15/2020,220.199997,221.199997,219.449997,220.169998,217.60495,25742100,1.79,57.86
1/16/2020,221.270004,222.320007,220.800003,222.279999,219.690353,18805000,1.9,58.52
1/17/2020,223.279999,223.559998,222.119995,223.380005,220.777557,24325200,1.82,58.55
1/21/2020,222.759995,223.839996,222.660004,223.279999,220.678711,21146300,1.89,58.25
1/22/2020,224.410004,225.149994,223.589996,223.869995,221.261826,20736400,1.89,56.76
1/23/2020,223.740005,224.690002,222.699997,224.589996,221.97345,26496100,1.92,55.51
1/24/2020,225.639999,225.880005,221.669998,222.699997,220.105453,37436500,1.92,54.09
1/27/2020,217.669998,219.279999,217.179993,218.100006,215.559036,42264400,1.92,53.09
1/28/2020,219.639999,221.960007,219.059998,221.449997,218.870026,26731900,1.93,53.33
1/29/2020,222.679993,222.929993,220.830002,221.809998,219.22583,28924500,1.9,53.29
1/30/2020,220.380005,222.699997,219.690002,222.600006,220.006653,39568100,0,52.19
1/31/2020,223.529999,223.559998,218.289993,219.070007,216.517746,52015800,1.9,51.58
2/3/2020,220.139999,222.889999,219.990005,222.380005,219.7892,25408600,1.88,50.06
2/4/2020,225.419998,227.860001,224.649994,227.470001,224.819901,30691200,1.9,49.59
2/5/2020,230.210007,230.25,226.850006,228.220001,225.561157,38534800,1.92,50.87
2/6/2020,228.789993,230.25,227.979996,230.190002,227.508194,22467100,0,50.94
2/7/2020,229.160004,230.440002,228.539993,229.199997,226.529739,25884900,1.88,50.34
2/10/2020,228.440002,231.979996,228.380005,231.970001,229.267456,21478900,1.8,49.59
2/11/2020,233.25,234.020004,231.399994,232.009995,229.307022,30198000,1.81,50
2/12/2020,233.380005,234.380005,232.800003,234.270004,231.540665,24471300,1.83,51.13
2/13/2020,232.639999,234.929993,232.360001,233.970001,231.244156,22773200,1.87,51.41
2/14/2020,234.339996,234.860001,233.550003,234.639999,231.906357,23438500,1.85,52.03
2/18/2020,233.5,235.169998,233.25,234.729996,231.9953,24394500,1.83,52.1
2/19/2020,236.130005,237.470001,235.850006,236.979996,234.219086,22230500,1.85,53.31
2/20/2020,236.460007,236.949997,231.880005,234.779999,232.044724,42604000,1.82,53.77
2/21/2020,233.610001,234.009995,229.320007,230.270004,227.58728,66017200,1.79,53.36
2/24/2020,221.679993,224.25,220.259995,221.389999,218.81073,84522600,1.81,51.36
2/25/2020,223.25,223.990005,214.740005,215.369995,212.86084,97743000,1.84,49.78
2/26/2020,216.710007,220.279999,214.899994,216.479996,213.957932,79537700,0,48.67
2/27/2020,210.899994,216.419998,205.5,205.639999,203.244232,121822600,1.78,47.17
2/28/2020,198.639999,207.169998,198.169998,205.800003,203.402374,148173700,1.77,44.83
3/2/2020,208.880005,216.570007,205.940002,216.419998,213.898621,112933900,1.74,46.78
3/3/2020,217.110001,219.610001,207.619995,209.479996,207.039474,131953500,1.7,47.27
3/4/2020,213.320007,218.330002,211.369995,218.220001,215.677643,73086200,1.61,46.78
3/5/2020,212.690002,216.360001,210.100006,211.589996,209.124893,78705500,1.65,45.9
3/6/2020,204.669998,209.149994,202.910004,208.020004,205.596481,89828400,1.6,41.14
3/9/2020,193.479996,201.160004,192.110001,193.570007,191.31485,116424000,1.57,31.05
3/10/2020,201.110001,204.300003,193.679993,204.110001,201.73204,100599200,1.51,34.47
3/11/2020,199.350006,200.75,192.729996,195.220001,192.945602,89168800,1.54,33.13
3/12/2020,182.089996,190.779999,176.940002,177.320007,175.254166,137820700,1.61,31.56
3/13/2020,187.070007,194.479996,178.130005,192.339996,190.099167,134882000,1.66,31.72
3/16/2020,174.149994,184.679993,169.160004,169.300003,167.327591,92054400,1.65,28.96
3/17/2020,175.470001,184.389999,169.779999,182.139999,180.01799,121257100,1.59,26.96
3/18/2020,171.610001,179.220001,166.800003,176.600006,174.542557,114156300,1.56,20.48
3/19/2020,175.690002,183.490005,171.630005,177.660004,175.590195,120896500,1.59,25.09
3/20/2020,181.740005,182.869995,170.100006,170.699997,168.711273,118983900,1.62,19.48
3/23/2020,170.919998,174.210007,164.929993,170.460007,168.833099,124639800,1.61,23.33
3/24/2020,179.910004,183.830002,177.949997,183.660004,181.90712,94881800,1.59,21.03
3/25/2020,184.419998,189.509995,179.979996,182.300003,180.560089,88754900,0,20.75
3/26/2020,183.869995,192.720001,183.610001,191.899994,190.068466,79887600,1.55,16.6
3/27/2020,186.929993,190.509995,184.660004,185.300003,183.531479,58845000,1.56,15.48
3/30/2020,187.059998,192.490005,186.339996,192.039993,190.207138,49356900,1.52,14.1
3/31/2020,191.720001,195.25,189.199997,190.399994,188.582779,62659300,1.46,20.51
4/1/2020,184.770004,187.660004,180.860001,182.309998,180.570023,53715400,1.38,20.28
4/2/2020,181.240005,190.100006,180.970001,186.009995,184.234695,56465300,1.33,25.18
4/3/2020,185.550003,187.070007,181.289993,183.369995,181.619888,47487600,1.33,28.36
4/6/2020,190.479996,197.649994,189.190002,196.479996,194.604782,64763500,1.3,26.21
4/7/2020,202.369995,202.660004,196,196.399994,194.525513,69904500,1.13,23.54
4/8/2020,198.149994,201.169998,196.169998,200.570007,198.655746,45940400,1.1,24.97
4/9/2020,202.350006,203.220001,199.029999,200.860001,198.942978,68252600,1.02,22.9
4/13/2020,200,203.419998,198.75,203.029999,201.092255,42853900,1.02,22.36
4/14/2020,207.229996,212.5,206.419998,211.860001,209.837997,63959600,0.92,20.15
4/15/2020,208.479996,211.830002,207.119995,209.429993,207.431137,47036000,0.74,19.96
4/16/2020,211.690002,214.369995,209.690002,213.25,211.214706,64657400,0.54,19.82
4/17/2020,216.169998,216.509995,212.080002,215.289993,213.235229,62863200,0.76,18.31
4/20/2020,213.360001,215.880005,212.570007,212.740005,210.709579,38249100,0.82,-36.98
4/21/2020,210.600006,211.160004,203.630005,204.889999,202.934509,72932800,0.88,8.91
4/22/2020,209.100006,212.350006,208.330002,210.970001,208.956467,40089100,0.94,13.64
4/23/2020,211.789993,214.440002,210.100006,210.520004,208.510757,43278500,0.73,15.06
4/24/2020,210.970001,214.300003,209.5,213.839996,211.799088,34231900,1.02,15.99
4/27/2020,216.190002,216.630005,214.5,215.559998,213.50267,36451700,1.18,12.17
4/28/2020,217.320007,217.320007,211.210007,211.5,209.481415,46862800,1.12,12.4
4/29/2020,216.190002,219.970001,215.139999,219,216.909821,48716400,0.92,15.04
4/30/2020,219.949997,220.039993,217.350006,218.910004,216.820694,43359500,0.76,19.23
5/1/2020,214.5,216.669998,211.679993,212.740005,210.709579,48795000,0.84,19.72
5/4/2020,211.460007,215.449997,211.119995,215.220001,213.165924,32841000,0.88,20.47
5/5/2020,217.440002,220.139999,216.850006,217.660004,215.582611,37783100,0.83,24.56
5/6/2020,219.399994,221.039993,218.110001,219,216.909821,36455200,0.72,23.88
5/7/2020,221.820007,222.729996,220.419998,221.820007,219.702942,38624800,0.7,23.68
5/8/2020,223.550003,225,222.479996,224.860001,222.713913,31852300,0.7,24.73
5/11/2020,223.490005,227.929993,223.25,226.869995,224.704727,35714100,0.62,24.02
5/12/2020,227.490005,228.100006,222.089996,222.119995,220.000046,41054100,0.63,25.76
5/13/2020,222.660004,224.610001,216.710007,219.339996,217.246582,65521200,0.62,25.37
5/14/2020,217.970001,221.869995,215.990005,221.830002,219.712845,51549300,0.67,27.4
5/15/2020,218.779999,223.330002,218.330002,223.270004,221.139084,55747200,0.75,29.44
5/18/2020,226.279999,228.679993,225.470001,227.429993,225.259369,42398100,0.77,31.83
5/19/2020,227.699997,229.850006,226.710007,226.860001,224.694839,36237300,0.73,32.3
5/20/2020,229.5,231.759995,229.479996,231.389999,229.181595,37417000,0.745,33.56
5/21/2020,231.440002,232.139999,228.339996,228.869995,226.685638,43642900,0.76,34.3
5/22/2020,228.449997,229.869995,227.5,229.660004,227.468094,28762400,0.76,33.49
5/26/2020,233.360001,233.570007,228.789993,229.039993,226.854004,33055300,0.63,34.7
5/27/2020,228.690002,230.410004,223.940002,230.289993,228.092072,55665600,0.61,32.8
5/28/2020,229.110001,233.470001,229.050003,229.990005,227.794952,42784300,0.65,33.67
5/29/2020,230.380005,233.600006,228.759995,233.360001,231.132782,50691800,0.63,35.57
6/1/2020,232.460007,234.449997,232,234.059998,231.826096,25776000,0.58,35.49
6/2/2020,234.5,235.690002,232.009995,235.630005,233.381134,33383400,0.63,36.88
6/3/2020,236.259995,237.470001,235.350006,236.690002,234.430969,37228700,0.61,37.33
6/4/2020,236.330002,237.789993,233.679993,235.029999,232.786835,38716100,0.6,37.42
6/5/2020,236.220001,240.300003,235.630005,239.690002,237.402374,47365600,0.67,39.49
6/8/2020,239.539993,241.679993,237.910004,241.550003,239.244598,32937300,0.62,38.17
6/9/2020,240.660004,244.179993,240.470001,243.300003,240.977905,35046300,0.63,38.98
6/10/2020,245.050003,247.820007,244.509995,246.220001,243.870041,58084400,0.64,39.54
6/11/2020,242.160004,243.589996,233.960007,234.020004,231.786484,72919400,0.64,36.43
6/12/2020,239.089996,240.399994,231.740005,235.880005,233.628738,72034800,0.64,36.24
6/15/2020,232.440002,239.449997,231.470001,238.75,236.471329,45307400,0.66,37.07
6/16/2020,243.779999,244.389999,239.100006,242.850006,240.532196,48890100,0.72,38.26
6/17/2020,244.399994,245.5,242.729996,243.619995,241.294861,34749300,0.63,37.91
6/18/2020,243.289993,244.529999,242.490005,244.279999,241.948547,30578600,0.69,38.79
6/19/2020,246.729996,247,242.449997,244.240005,241.908951,49422100,0.73,39.72
6/22/2020,243.679993,246.869995,243.380005,246.740005,244.810074,24068700,0.69,40.6
6/23/2020,248.389999,251.149994,247.820007,248.839996,246.893646,32767400,0.64,40.4
6/24/2020,248.059998,249.330002,242.160004,243.710007,241.803772,46032400,0.63,37.91
6/25/2020,243.800003,246.339996,241.139999,246.029999,244.105606,36940800,0.64,38.66
6/26/2020,245.779999,245.960007,239.679993,240.220001,238.341049,52824600,0.73,38.53
6/29/2020,239.970001,242.850006,237.350006,242.839996,240.940582,34377800,0.7,39.67
6/30/2020,242.770004,248.160004,242.580002,247.600006,245.663345,38909200,0.68,39.27
7/1/2020,247.639999,251.520004,247.080002,250.490005,248.530731,34689200,0.68,39.88
7/2/2020,253.020004,254.270004,251.710007,252.190002,250.217438,31956500,0.66,40.57
7/6/2020,255.449997,258.929993,255.429993,258.390015,256.368988,34589000,0.675,40.51
7/7/2020,258.130005,260.880005,256.299988,256.609985,254.602844,36578200,0.69,40.59
7/8/2020,257.980011,260.019989,256.5,259.98999,257.956421,30426300,0.68,40.91
7/9/2020,261.970001,262.869995,257.630005,262.179993,260.129333,40312900,0.7,39.64
7/10/2020,262.029999,264.230011,259.26001,263.970001,261.905304,32885300,0.65,40.56
7/13/2020,266.910004,269.790009,257.690002,258.540009,256.517761,64108100,0.66,40.06
7/14/2020,255.929993,260.790009,252.759995,260.369995,258.333435,72230500,0.68,40.3
7/15/2020,261.829987,262.690002,257.48999,260.899994,258.859253,54523900,0.77,41.2
7/16/2020,258.019989,259.779999,255.619995,259.119995,257.093231,47594100,0.82,40.74
7/17/2020,259.589996,260.309998,257.170013,259.420013,257.390869,35137900,0.91,40.55
7/20/2020,260.079987,267.429993,258.790009,266.779999,264.693298,40610100,0.88,40.83
7/21/2020,268.399994,268.410004,263.130005,264,261.935059,43243800,0.84,41.76
7/22/2020,264.51001,265.890015,262.549988,264.929993,262.857788,29865500,0.75,41.88
7/23/2020,264.51001,265.23999,256.549988,258.01001,255.991898,51363500,0.66,40.99
7/24/2020,254.039993,256.929993,251.320007,255.559998,253.561081,54054500,0.71,41.23
7/27/2020,257.26001,260.519989,256.450012,260.119995,258.085388,36445700,0.71,41.46
7/28/2020,259.309998,259.850006,256.51001,256.809998,254.8013,31302400,0.75,40.89
7/29/2020,258.399994,260.660004,257.910004,259.769989,257.738159,27556900,0.74,41.13
7/30/2020,257.73999,261.709991,256.549988,261.130005,259.087555,41774500,0.71,39.85
7/31/2020,265.910004,265.950012,260.850006,265.790009,263.71106,53686300,0.7,40.1
8/3/2020,268,270.149994,267.869995,269.380005,267.27298,32081600,0.71,40.83
8/4/2020,268.859985,270.480011,268.089996,270.380005,268.265198,24911300,0.72,41.67
8/5/2020,270.880005,271.519989,269.959991,271.049988,268.929932,21612100,0.69,42.25
8/6/2020,270.850006,274.980011,270.190002,274.640015,272.491852,28048200,0.68,41.93
8/7/2020,274.079987,274.880005,269.25,271.470001,269.346649,44969400,0.64,41.16
8/10/2020,271.769989,271.980011,266.670013,270.309998,268.195709,35088400,0.64,41.94
8/11/2020,269.109985,270.440002,264.630005,265.190002,263.115753,43104300,0.66,41.53
8/12/2020,267.420013,272.839996,267.369995,271.859985,269.733582,38773400,0.69,42.6
8/13/2020,272.660004,274.829987,271.51001,272.480011,270.348755,31895700,0.68,42.26
8/14/2020,273.119995,273.399994,270.720001,272.160004,270.03125,30799500,0.685,42.05
8/17/2020,273.929993,275.839996,272.200012,275.320007,273.166504,24803000,0.69,42.89
8/18/2020,276.420013,278.459991,274.910004,277.970001,275.795776,23529500,0.65,42.89
8/19/2020,277.929993,279.019989,275.570007,276.100006,273.940399,31999400,0.67,42.91
8/20/2020,275.279999,280.429993,274.859985,279.929993,277.740479,27723400,0.62,42.62
8/21/2020,280.130005,282.339996,279.459991,281.869995,279.665283,34748900,0.65,42.32
8/24/2020,285.25,286,281.269989,283.630005,281.411499,36418500,0.64,42.44
8/25/2020,282.829987,286.059998,282.369995,285.859985,283.624054,34866600,0.63,43.17
8/26/2020,287.149994,292.220001,285.829987,291.959991,289.676392,42216700,0.64,43.21
8/27/2020,292.970001,293.850006,288.709991,291.049988,288.773468,49482700,0.62,42.88
8/28/2020,292.329987,293.179993,290.929993,292.529999,290.241913,28021000,0.64,42.96
8/31/2020,293.070007,296.75,292.619995,294.880005,292.573547,36321000,0.62,42.61
9/1/2020,297.619995,300.040009,295.790009,299.920013,297.574097,36216200,0.61,42.76
9/2/2020,303.279999,303.5,296.890015,302.76001,300.391876,50836800,0.6,42.76
9/3/2020,298.100006,298.619995,284.410004,287.410004,285.161957,110083300,0.59,41.39
9/4/2020,285.559998,288.929993,271.799988,283.579987,281.361877,123959000,0.59,39.69
9/8/2020,272.220001,278.220001,269.660004,269.950012,267.838531,99568600,0.62,36.87
9/9/2020,275.640015,280.049988,273,277.880005,275.706512,64837900,0.59,38.05
9/10/2020,280.940002,282.200012,270.559998,272.339996,270.209839,69667500,0.58,37.25
9/11/2020,274.149994,275.220001,266.899994,270.450012,268.334656,71809000,0.55,37.33
9/14/2020,274.359985,277.220001,272.959991,275.160004,273.007782,38525200,0.55,37.23
9/15/2020,279.029999,280.450012,275.130005,279.059998,276.877228,41849900,0.56,38.29
9/16/2020,279.880005,280.359985,274.25,274.609985,272.462036,42321000,0.52,40.17
9/17/2020,267.549988,274.399994,266.679993,270.320007,268.205627,81570800,0.55,40.99
9/18/2020,271.790009,272.089996,262.630005,266.869995,264.782593,86251100,0.55,41.09
9/21/2020,262.470001,267.649994,260.109985,267.51001,265.417633,57168600,0.57,39.26
9/22/2020,269.98999,273.079987,266.540009,272.480011,270.348755,41128900,0.59,39.55
9/23/2020,272.149994,272.339996,263.25,264.160004,262.093811,48837300,0.64,39.92
9/24/2020,261.390015,268.700012,261.220001,265.390015,263.31424,70631700,0.69,40.11
9/25/2020,265.910004,272.399994,264.299988,271.559998,269.435913,55242400,0.71,40.06
9/28/2020,276.579987,277.200012,271.670013,277.200012,275.031891,58438300,0.71,40.47
9/29/2020,276.619995,277.709991,275.369995,275.950012,273.791595,27050000,0.69,39.03
9/30/2020,276.149994,281.089996,275.869995,277.839996,275.666809,49380800,0.67,40.05
10/1/2020,281.790009,282.880005,279.839996,282.25,280.042328,50020200,0.68,38.51
10/2/2020,276.019989,282.23999,273.440002,274.309998,272.164398,75497400,0.65,36.9
10/5/2020,276.339996,280.48999,276.230011,280.160004,277.968658,28184600,0.64,39.12
10/6/2020,279.450012,281.190002,274.25,275.160004,273.007782,49704200,0.65,40.52
10/7/2020,277.890015,280.73999,277.279999,279.920013,277.73053,27539700,0.69,39.82
10/8/2020,282.399994,282.470001,280.309998,281.410004,279.208923,25443300,0.69,41.04
10/9/2020,283.109985,285.790009,282.709991,285.709991,283.47525,30201100,0.74,40.44
10/12/2020,290.549988,297.459991,289.470001,294.529999,292.226257,79370700,0.74,39.22
10/13/2020,296.390015,297.049988,293.109985,294.519989,292.216309,64240000,0.72,40.03
10/14/2020,295.350006,296.350006,290.26001,292.059998,289.775574,36949100,0.68,40.86
10/15/2020,287.200012,290.709991,286.540009,290.100006,287.830902,42514200,0.66,40.84
10/16/2020,291.799988,293.269989,288.149994,288.51001,286.253387,40570700,0.63,40.7
10/19/2020,290.48999,291.480011,282.790009,283.799988,281.58017,36756800,0.72,40.69
10/20/2020,284.559998,287.619995,282.950012,284.410004,282.185425,32195400,0.705,41.37
10/21/2020,284.670013,287.320007,283.690002,284.190002,281.967133,29306100,0.69,39.88
10/22/2020,285.049988,285.980011,280.820007,284.179993,281.957214,32196200,0.71,40.46
10/23/2020,284.769989,284.910004,281.779999,284.73999,282.512817,24658500,0.68,39.73
10/26/2020,282.380005,285.299988,276.76001,280.470001,278.276215,38421100,0.67,38.39
10/27/2020,281.5,283.51001,280.200012,282.660004,280.449097,30559100,0.68,39.34
10/28/2020,278.01001,278.640015,271.380005,271.640015,269.51535,53413500,0.68,37.27
10/29/2020,273,279.48999,272.519989,276.390015,274.228149,43246300,0.69,35.94
10/30/2020,274.339996,275.23999,267.070007,269.380005,267.27298,65838300,0.69,35.64
11/2/2020,271.850006,273.519989,266.970001,269.980011,267.868317,39987400,0.7,36.6
11/3/2020,271.959991,276.820007,270.839996,274.649994,272.50174,43604100,0.68,37.44
11/4/2020,283.589996,288.769989,281.869995,286.910004,284.665833,75728200,0.68,38.97
11/5/2020,293.529999,295.390015,292,294.390015,292.087402,52054200,0.68,38.56
11/6/2020,293.709991,295.359985,289.829987,294.609985,292.305664,40959800,0.67,36.97
11/9/2020,297.649994,299.140015,288.119995,288.589996,286.332703,86537100,0.66,40.05
11/10/2020,285.170013,286.660004,280.619995,283.420013,281.203156,69024900,0.67,41.18
11/11/2020,286.029999,290.25,283.380005,289.76001,287.493561,36102900,0.66,41.23
11/12/2020,290.76001,292.070007,287.25,288.399994,286.144196,34414600,0.69,40.9
11/13/2020,290.170013,291.570007,287.869995,290.929993,288.654388,24806900,0.68,39.93
11/16/2020,290.619995,293.51001,289.98999,293.200012,290.906708,30168400,0.7,41.14
11/17/2020,293.399994,293.73999,291.609985,292.269989,289.983948,21843500,0.78,41.24
11/18/2020,291.700012,293.369995,290.019989,290.109985,287.84082,28069600,0.76,41.64
11/19/2020,289.540009,292.700012,288.850006,292.380005,290.093079,22718400,0.81,41.57
11/20/2020,292.299988,293.070007,290.290009,290.380005,288.108765,25907300,0.78,41.99
11/23/2020,291.410004,292.75,288.070007,290.390015,288.118652,26875600,0.79,42.91
11/24/2020,291.48999,294.980011,289.630005,294.470001,292.166718,24516800,0.765,44.71
11/25/2020,295.570007,296.940002,294.589996,296.279999,293.962555,23326800,0.74,45.58
11/27/2020,298.309998,300.170013,297.899994,299.01001,296.671234,17163100,0.73,45.39
11/30/2020,299.339996,299.970001,294.779999,299.619995,297.276459,27836200,0.74,45.2
12/1/2020,301.970001,305.140015,300.829987,303.459991,301.086426,27521300,0.76,44.54
12/2/2020,302.25,304.200012,300.350006,303.850006,301.473389,23620000,0.78,45.23
12/3/2020,304.170013,305.880005,303.529999,304.279999,301.899963,22828700,0.81,45.65
12/4/2020,304.329987,305.670013,303.630005,305.519989,303.13028,19332100,0.83,46.23
12/7/2020,305.709991,307.630005,305.519989,307.25,304.846802,20851000,0.87,45.72
12/8/2020,306.76001,308.600006,304.950012,308.290009,305.878632,18341500,0.85,45.64
12/9/2020,308.070007,308.359985,300.209991,301.309998,298.953217,48839300,0.81,45.48
12/10/2020,299.209991,303.679993,298.089996,302.519989,300.153748,27519500,0.79,46.76
12/11/2020,300.809998,301.980011,298.470001,301.850006,299.489044,26760400,0.79,46.59
12/14/2020,303.079987,306.049988,303.01001,304.040009,301.661896,28804800,0.85,47.02
12/15/2020,306.369995,307.290009,304.109985,307.290009,304.886475,25709000,0.88,47.58
12/16/2020,307.700012,309.790009,306.619995,308.980011,306.563263,25461900,0.87,47.86
12/17/2020,310.630005,311.23999,309.390015,311,308.567413,23730500,0.9,48.34
12/18/2020,311.660004,311.980011,307.609985,310.059998,307.634766,41173400,0.78,49.04
12/21/2020,306.459991,309.470001,303.600006,308.920013,307.059265,37095500,0.79,47.79
12/22/2020,309.850006,310.709991,306.850006,309.76001,307.894165,26176300,0.83,47.02
12/23/2020,309.809998,310.179993,308.040009,308.200012,306.343658,21201300,0.96,47.94
12/24/2020,308.470001,310.019989,308.390015,309.559998,307.695435,16785000,0.98,48.18
12/28/2020,312.25,313.170013,310.359985,312.679993,310.7966,22497700,0,47.5
12/29/2020,314.049988,314.690002,312.029999,312.959991,311.074951,25871900,0.88,47.85
12/30/2020,314.160004,314.48999,312.329987,312.970001,311.084869,18138100,0.89,48.24
12/31/2020,312.869995,314.23999,311.76001,313.73999,311.85022,21611400,0.91,48.35
1/4/2021,315.109985,315.290009,305.179993,309.309998,307.446899,45305900,0.87,47.47
1/5/2021,308.290009,312.140015,308.290009,311.859985,309.981567,29323400,0.88,49.78
1/6/2021,307,311.880005,305.980011,307.540009,305.687622,52809600,0.86,50.45
1/7/2021,310.279999,315.839996,310.25,314.980011,313.082794,30394800,0.83,50.63
1/8/2021,317.339996,319.390015,315.079987,319.029999,317.108337,33955800,0.86,52.14
1/11/2021,315.980011,317.190002,313.75,314.420013,312.526154,32746400,0.88,52.15
1/12/2021,314.459991,315.579987,311.200012,313.920013,312.029144,29266800,0.88,53.08
1/13/2021,314.190002,316.859985,313.570007,316.040009,314.136383,22898400,0,52.81
1/14/2021,316.5,317.529999,313.859985,314.350006,312.456573,23500100,0.84,53.47
1/15/2021,314.130005,315.119995,310.579987,311.859985,309.981567,35118700,0.84,52.25
1/19/2021,314.25,316.929993,313.119995,316.410004,314.504181,24537000,0.92,52.87
1/20/2021,320.140015,324.73999,316.51001,323.769989,321.819794,30728100,0.95,53.16
1/21/2021,325.149994,327.130005,323.730011,326.359985,324.394196,25130600,0.92,53
1/22/2021,325.290009,326.459991,324.709991,325.420013,323.4599,21609400,0.97,52.28
1/25/2021,328.910004,330.320007,321.410004,328.109985,326.133698,39080600,0.94,52.78
1/26/2021,328.850006,329.76001,327.220001,328.589996,326.610748,25498100,0.92,52.61
1/27/2021,326.26001,326.269989,317.359985,319.429993,317.505981,55264000,0.95,52.81
1/28/2021,320.670013,326.420013,320.029999,321.320007,319.384613,42836300,0.92,52.26
1/29/2021,319.579987,320.720001,312.76001,314.559998,312.665314,55259000,0.9,52.16
2/1/2021,318.109985,323.540009,316.019989,322.420013,320.477997,35646000,0.9,53.55
2/2/2021,325.480011,328.869995,325.309998,327.679993,325.706238,33930800,0.92,54.77
2/3/2021,329.820007,330.200012,326.320007,326.380005,324.414093,24824500,0.92,55.67
2/4/2021,327.820007,330.329987,326.459991,330.23999,328.250854,22350900,0.94,56.19
2/5/2021,331.220001,332.399994,329.529999,331.359985,329.364075,22732000,0.95,56.8
2/8/2021,333.100006,333.73999,331.410004,333.579987,331.57074,20462800,0.95,57.95
2/9/2021,332.619995,334.809998,332.609985,333.51001,331.50119,17597500,0.93,58.34
2/10/2021,334.98999,335.459991,329.5,332.75,330.745758,28068700,0.96,58.69
2/11/2021,334.329987,335,332.119995,334.579987,332.564697,22046100,0.94,58.22
2/12/2021,333.709991,336.619995,332.630005,336.450012,334.423431,20346800,0,59.5
2/16/2021,337.269989,338.190002,334.339996,335.540009,333.518951,27080800,0.94,60.07
2/17/2021,332.470001,335.660004,330.170013,333.929993,331.91861,31360300,0.94,61.09
2/18/2021,330.230011,333.869995,328.359985,332.470001,330.467407,32236200,0.93,60.4
2/19/2021,333.859985,333.98999,329.970001,331.019989,329.026154,39157700,0.93,59.12
2/22/2021,326.5,327.799988,322.230011,322.440002,320.497864,47256900,0,61.67
2/23/2021,317,323.200012,311,321.480011,319.54361,97241900,0.93,61.66
2/24/2021,318.73999,324.450012,315.959991,324.130005,322.177643,58206300,0.96,63.21
2/25/2021,321.390015,324.029999,311.23999,312.829987,310.945679,110182600,1.04,63.43
2/26/2021,315.850006,319.109985,310.880005,314.140015,312.247864,104739800,1.08,61.55
3/1/2021,319.269989,323.940002,317.940002,323.589996,321.6409,49164500,1.13,60.54
3/2/2021,324.25,324.329987,318.140015,318.399994,316.482178,48370000,1.15,59.7
3/3/2021,317.269989,318.23999,309.100006,309.160004,307.297821,86301100,1.15,61.33
3/4/2021,308.779999,312.040009,300.109985,304.100006,302.268311,139131600,1.1,63.81
3/5/2021,306.799988,309.609985,297.450012,308.679993,306.820679,121523700,1.15,66.08
3/8/2021,308.119995,310.059998,299.51001,299.940002,298.133331,88409800,1.11,65.03
3/9/2021,307.470001,313.730011,306.920013,311.769989,309.89209,80391100,0,64.02
3/10/2021,316.160004,316.470001,310.170013,310.880005,309.007477,76798100,1.1,64.45
3/11/2021,315.769989,319.859985,314.850006,318.040009,316.124359,53484800,1.1,66.02
3/12/2021,313.859985,318.230011,311.390015,315.459991,313.559845,69315600,1.12,65.59
3/15/2021,315.790009,319,314.100006,318.829987,316.909546,42955700,1.1,65.36
3/16/2021,321.089996,324.200012,319.100006,320.579987,318.649048,54925900,1.05,64.82
3/17/2021,317.450012,323.850006,315.679993,321.899994,319.96106,78258700,1.05,64.55
3/18/2021,316.869995,317.880005,311.570007,312.040009,310.160492,82718100,1.04,59.95
3/19/2021,311.869995,314.730011,309.660004,313.140015,311.253845,78446200,1.07,61.43
3/22/2021,315.209991,320.73999,315.209991,318.609985,317.090851,56194800,1.11,61.48
3/23/2021,319.730011,321.089996,316.380005,317.220001,315.70752,53455400,1.09,57.75
3/24/2021,318.630005,318.670013,311.720001,311.869995,310.382996,64803700,1.12,61.12
3/25/2021,309.970001,312.890015,307.390015,311.329987,309.845612,78729000,1.15,58.47
3/26/2021,311.109985,316.329987,309.670013,316,314.493317,63519600,1.15,60.93
3/29/2021,315.450012,316.98999,312.470001,315.910004,314.403778,54608000,1.19,61.49
3/30/2021,313.890015,314.910004,311.540009,314.320007,312.82132,44635700,1.19,60.55
3/31/2021,316.160004,320.73999,315.809998,319.130005,317.608429,55032500,1.18,59.19
4/1/2021,323.070007,324.709991,322.809998,324.570007,323.022491,55685600,1.15,61.41
4/5/2021,327.130005,331.839996,326.880005,331.049988,329.471588,42172500,1.16,58.73
4/6/2021,330.730011,332.829987,330.019989,330.820007,329.242676,33537200,1.2,59.34
4/7/2021,330.329987,332.480011,329.369995,331.619995,330.038849,32046400,0,59.77
4/8/2021,334.559998,335.269989,333.73999,335.079987,333.48233,29940800,1.3,59.61
4/9/2021,333.679993,337.320007,332.920013,337.109985,335.502655,36664900,1.29,59.29
4/12/2021,336.040009,337.100006,334.730011,336.670013,335.064789,25833000,1.29,59.7
4/13/2021,338.23999,341.079987,338.019989,340.600006,338.976074,30374000,1.34,60.2
4/14/2021,340.850006,340.980011,335.670013,336.51001,334.905579,42564300,1.37,63.15
4/15/2021,339.470001,342.01001,336.220001,341.609985,339.981232,36342800,1.37,63.42
4/16/2021,342.149994,342.230011,340.079987,342.01001,340.379333,40860100,1.38,63.16
4/19/2021,340.390015,341.579987,336.899994,338.880005,337.264252,34533100,1.54,63.33
4/20/2021,338.200012,339.519989,334.380005,336.410004,334.806061,38081800,1.44,62.61
4/21/2021,335.089996,339.480011,333.970001,339.290009,337.672302,36598100,1.45,61.34
4/22/2021,338.890015,339.899994,334.01001,335.200012,333.601776,45936100,1.42,61.45
4/23/2021,335.850006,340.769989,335.850006,339.420013,337.801666,36381900,1.47,62.18
4/26/2021,339.670013,341.920013,338.899994,341.630005,340.001129,30812000,1.54,62.02
4/27/2021,341.929993,342.149994,339.170013,340.149994,338.528229,33187200,1.56,63.03
4/28/2021,339.809998,340.850006,338.329987,339,337.383667,33615700,1.59,63.81
4/29/2021,342.369995,342.799988,336.899994,340.220001,338.59787,37708900,1.55,65
4/30/2021,337.700012,340.26001,337.049988,337.98999,336.37851,38263400,1.53,63.5
5/3/2021,339.230011,340,335.730011,336.190002,334.587097,29729700,1.54,64.46
5/4/2021,333.559998,333.890015,326.209991,330.140015,328.565948,65147000,1.64,65.72
5/5/2021,332.25,333.140015,328.230011,329.029999,327.461243,46219300,1.62,65.63
5/6/2021,328.76001,331.670013,326.450012,331.51001,329.929382,46814300,1.62,64.73
5/7/2021,334.369995,336.649994,331.690002,334.200012,332.606567,53324500,1.63,64.96
5/10/2021,332.779999,332.959991,325.549988,325.76001,324.206818,60700500,1.71,64.92
5/11/2021,319.700012,326.130005,319.019989,325.309998,323.758942,71963600,1.74,65.31
5/12/2021,320.230011,322.619995,316,316.890015,315.37912,91164900,1.69,65.96
5/13/2021,319.920013,322.399994,316.899994,319.339996,317.817413,69877800,1.63,63.82
5/14/2021,322.600006,327.329987,322.079987,326.390015,324.833801,44370000,1.62,65.32
5/17/2021,324.630005,326.369995,321.450012,324.410004,322.863251,39395000,1.63,66.24
5/18/2021,325.390015,326.649994,321.940002,322.220001,320.683655,36528500,1.67,65.49
